Species_code,Group,Species_name,Official_name,Alternative_names,Common_name,Order,Family,Genus,Diet,Body_mass_g,mean_SVL_mm,Source_SVL
m1,Mammals,Dipodomys deserti,Dipodomys deserti,NA,Desert kangaroo rat,Rodentia,Heteromyidae,Dipodomys,0,104.5,,
m2,Mammals,Spermophilus tereticaudus,Xerospermophilus tereticaudus,Spermophilus tereticaudus,Round-tailes ground squirrel,Rodentia,Sciuridae,Xerospermophilus,0,156.5,,
m4,Mammals,Cephalophus sp.,Cephalophus,NA,Duiker,Cetartiodactyla,Bovidae,Cephalophus,9.3,1900,,
m5,Mammals,Loxondonta africana cyclotis,Loxodonta africana,NA,Forest elephant,Proboscidea,Elephantidae,Loxodonta,0,3940034.28,,
m6,Mammals,Lepus europaeus,Lepus europaeus,NA,Brown hare,Lagomorpha,Leporidae,Lepus,0,3740,,
m7,Mammals,Cervus canadensis,Cervus canadensis,NA,"Elk, wapiti",Cetartiodactyla,Cervidae,Cervus,0,171500,,
m8,Mammals,Odocoileus hemionus,Odocoileus hemionus,NA,Mule deer,Cetartiodactyla,Cervidae,Odocoileus,0,54212.57,,
m9,Mammals,Lynx rufus,Lynx rufus,NA,Bobcat,Carnivora,Felidae,Lynx,100,8904.1,,
m10,Mammals,Canis latrans,Canis latrans,NA,Coyote,Carnivora,Canidae,Canis,100,13406.33,,
m11,Mammals,Alces alces,Alces alces,NA,Moose,Cetartiodactyla,Cervidae,Alces,0,356998.16,,
m12,Mammals,Rangifer tarandus,Rangifer tarandus,NA,"Reindeer, caribou",Cetartiodactyla,Cervidae,Rangifer,0,86033.98,,
m13,Mammals,Ursus arctos,Ursus arctos,NA,"Brown bear, grizzly bear",Carnivora,Ursidae,Ursus,10,180520.42,,
m14,Mammals,Martes americana,Martes americana,NA,American marten,Carnivora,Mustelidae,Martes,70,1250,,
m15,Mammals,Oryctolagus cuniculus,Oryctolagus cuniculus,NA,European rabbit,Lagomorpha,Leporidae,Oryctolagus,0,1832.22,,
m16,Mammals,Vulpes vulpes,Vulpes vulpes,NA,Red fox,Carnivora,Canidae,Vulpes,70,5476.17,,
m17,Mammals,Martes foina,Martes foina,NA,"Stone marten, Beech marten",Carnivora,Mustelidae,Martes,70,1540.8,,
m18,Mammals,Felis silvestris & felis catus,Felis silvestris & felis catus,NA,Wildcat & domestic cat,Carnivora,Felidae,Felis,95,3992.4,,
m19,Mammals,Canis lupus,Canis lupus,NA,Iberian wolf & domestic dog,Carnivora,Canidae,Canis,100,32183.33,,
m20,Mammals,Petaurus norfolcensis,Petaurus norfolcensis,NA,Squirrel glider,Diprotodontia,Petauridae,Petaurus,10,230,,
m21,Mammals,Peromyscus maniculatus,Peromyscus maniculatus,NA,North american deermouse,Rodentia,Cricetidae,Peromyscus,10,21.28,,
m22,Mammals,Perognathus parvus,Perognathus parvus,NA,NA,Rodentia,Heteromyidae,Perognathus,0,21.78,,
m23,Mammals,Melomys cervinipes,Melomys cervinipes,NA,Fawn-footed melomys,Rodentia,Muridae,Melomys,0,78,,
m24,Mammals,Rattus leucopus & Rattus fuscipes,Rattus leucopus & Rattus fuscipes,NA,NA,Rodentia,Muridae,Rattus,0,152.355,,
m25,Mammals,Uromys caudimaculatus,Uromys caudimaculatus,NA,White-tailed giant rat,Rodentia,Muridae,Uromys,0,606.75,,
m26,Mammals,Connochaetes taurinus,Connochaetes taurinus,NA,Common wildebeest,Cetartiodactyla,Bovidae,Connochaetes,0,179998.96,,
m27,Mammals,Equus quagga,Equus quagga,NA,Plains zebra,Perissodactyla,Equidae,Equues,0,400000,,
m28,Mammals,Microtus montanus,Microtus montanus,NA,NA,Rodentia,Cricetidae,Microtus,0,36.33,,
m29,Mammals,Peromyscus leucopus,Peromyscus leucopus,NA,White-footed mouse,Rodentia,Cricetidae,Peromyscus,10,21.17,,
m30,Mammals,Tamiasciurus hudsonicus,Tamiasciurus hudsonicus,NA,Red squirrel,Rodentia,Sciuridae,Tamiasciurus,30,201.17,,
m31,Mammals,Tamias striatus,Tamias striatus,NA,Eastern chipmunk,Rodentia,Sciuridae,Tamias,0,111.91,,
m32,Mammals,Glaucomys sabrinus,Glaucomys sabrinus,NA,Northern flying squirrel,Rodentia,Sciuridae,Glaucomys,0,166,,
m33,Mammals,Clethrionomys gapperi,Myodes gapperi,NA,Southern red-backed vole,Rodentia,Cricetidae,Myodes,0,19.83,,
m34,Mammals,Sorex fumeus,Sorex fumeus,NA,NA,Eulipotyphla,Soricidae,Sorex,30,7.7,,
m35,Mammals,Mustela erminea,Mustela erminea,NA,Stoat,Carnivora,Mustelidae,Mustela,90,119.38,,
m36,Mammals,Microtus pennsylvanicus,Microtus pennsylvanicus,NA,Chihuahua vole,Rodentia,Cricetidae,Microtus,0,36.75,,
m37,Mammals,Antechinus sp.,Antechinus sp.,NA,Antechinus,Dasyuromorphia,Dasyuridae,Antechinus,11,45,,
m38,Mammals,Sminthopsis murina,Sminthopsis murina,NA,Common dunnart,Dasyuromorphia,Dasyuridae,Sminthopsis,20,17,,
m39,Mammals,Isoodon macrourus,Isoodon macrourus,NA,Northern brown bandicoot,Peramelemorphia,Peramelidae,Isoodon,0,1600,,
m40,Mammals,Rattus fuscipes,Rattus fuscipes,NA,Bush rat,Rodentia,Muridae,Rattus,0,133,,
m41,Mammals,Rattus lutreolus,Rattus lutreolus,NA,Swamp rat,Rodentia,Muridae,Rattus,0,106,,
m42,Mammals,Rattus rattus,Rattus rattus,NA,Black rat,Rodentia,Muridae,Rattus,0,229.13,,
m43,Mammals,Mus musculus,Mus musculus,Mus domesticus,House mouse,Rodentia,Muridae,Rattus,0,16.25,,
m44,Mammals,Hybomys univittatus,Hybomys univittatus,NA,NA,Rodentia,Muridae,Hybomys,0,47.6,,
m45,Mammals,Praomys tullbergi,Praomys tullbergi,NA,Tullberg's soft-furred mouse,Rodentia,Muridae,Praomys,0,35.83,,
m46,Mammals,Stochomys longicaudatus,Stochomys longicaudatus,NA,NA,Rodentia,Muridae,Stochomys,0,70.95,,
m47,Mammals,Hylomyscus aeta,Hylomyscus aeta,NA,Beaded wood mouse,Rodentia,Muridae,Hylomyscus,0,20,,
m48,Mammals,Grammomys rutilans,Grammomys kuru,NA,Grammomys kuru,Rodentia,Muridae,Grammomys,0,46.67,,
m49,Mammals,Protoxerus stangeri,Protoxerus stangeri,NA,NA,Rodentia,Muridae,Protoxerus,0,621.5,,
m50,Mammals,Lophuromys nudicaudus,Lophuromys nudicaudus,NA,NA,Rodentia,Muridae,Lophuromys,10,32.59,,
m51,Mammals,Cricetomys emini,Cricetomys emini,NA,NA,Rodentia,Nesomydae,Cricetomys,0,1299.99,,
m52,Mammals,Graphiurus sp.,Graphiurus sp.,NA,NA,Rodentia,Gliridae,Graphiurus,40,28.5,,
m53,Mammals,Crocidura mutesae,Crocidura mutesae,NA,Ugandan musk shrew,Eulipotyphla,Soricidae,Crocidura,50,23.91,,
m54,Mammals,Funisciurus leucogenys,Funisciurus leucogenys,NA,NA,Rodentia,Sciuridae,Funisciurus,0,250,,
m55,Mammals,Heimyscus fumosus,Heimyscus fumosus,NA,NA,Rodentia,Muridae,Heimyscus,0,14.25,,
m56,Mammals,Deomys ferrugineus,Deomys ferrugineus,NA,NA,Rodentia,Muridae,Deomys,0,62,,
m57,Mammals,Hylomyscus alleni,Hylomyscus alleni,NA,NA,Rodentia,Muridae,Hylomyscus,0,19.95,,
m58,Mammals,Mus spretus,Mus spretus,NA,Western mediterranean mouse,Rodentia,Muridae,Mus,0,12.8,,
m59,Mammals,Apodemus sylvaticus,Apodemus sylvaticus,NA,Long-tailed field mouse,Rodentia,Muridae,Apodemus,0,30.45,,
m60,Mammals,Crocidura russula,Crocidura russula,NA,White-toothed shrew,Eulipotyphla,Soricidae,Crocidura,50,8.2,,
m65,Mammals,Oligoryzomys nigripes,Oligoryzomys nigripes,NA,Black-footed Pygmy rice rat,Rodentia,Cricetidae,Oligoryzomys,0,20.5,,
m73,Mammals,Didelphis albiventris,Didelphis albiventris,NA,White-eared opossum,Didelphimorphia,Didelphidae,Didelphis,60,904,,
m74,Mammals,Marmosops incanus,Marmosops incanus,NA,Grey slender mouse opossum,Didelphimorphia,Didelphidae,Marmosops,0,62.3,,
m75,Mammals,Monodelphis americana,Monodelphis americana,NA,Norther three-striped opossum,Didelphimorphia,Didelphidae,Monodelphis,40,19.5,,
m76,Mammals,Monodelphis domestica,Monodelphis domestica,NA,Grey short-tailed opossum,Didelphimorphia,Didelphidae,Monodelphis,40,71.4,,
m77,Mammals,Akodon serrensis,Akodon serrensis,NA,Serrado do mar grass mouse,Rodentia,Cricetidae,Akodon,0,28.3,,
m78,Mammals,Bibimys labiosus,Bibimys labiosus,NA,Large-lipped crimson nosed rat,Rodentia,Cricetidae,Bibimys,0,29,,
m79,Mammals,Blarinomys breviceps,Blarinomys breviceps,NA,Brazilian shrew mouse,Rodentia,Cricetidae,Blarinomys,0,36.8,,
m81,Mammals,Necromys lasiurus,Necromys lasiurus,NA,Hairy-tailed bolo mouse,Rodentia,Cricetidae,Necromys,0,39.93,,
m82,Mammals,Rhagomys rufescens,Rhagomys rufescens,NA,Brazilian arboreal mouse,Rodentia,Cricetidae,Rhagomys,0,21.2,,
m83,Mammals,Melomys burtoni,Melomys burtoni,NA,Grassland melomys,Rodentia,Muridae,Melomys,0,68.5,,
m84,Mammals,Rattus sordidus,Rattus sordidus,NA,Canefield rat,Rodentia,Muridae,Rattus,0,157.5,,
m85,Mammals,Rhombomys opimus,Rhombomys opimus,NA,Great gerbil,Rodentia,Muridae,Rhombomys,0,144,,
m86,Mammals,Allactaga sibirica,Allactaga sibirica,NA,Siberian Jerboa,Rodentia,Dipodidae,Allactaga,0,97.5,,
m87,Mammals,Microtus arvalis,Microtus arvalis,NA,Common vole,Rodentia,Cricetidae,Microtus,0,28,,
m88,Mammals,Peromyscus eremicus,Peromyscus eremicus,NA,cactus mouse,Rodentia,Cricetidae,Peromyscus,10,23.65,,
m89,Mammals,Chaetodipus fallax,Chaetodipus fallax,NA,San diego pocked mouse,Rodentia,Heteromyidae,Chaetodipus,0,18.7,,
m90,Mammals,Antechinus flavipes,Antechinus flavipes,NA,Yellow-footed antechinus,Dasyuromorphia,Dasyuridae,Antechinus,10,45,,
m91,Mammals,Peromyscus gossypinus,Peromyscus gossypinus,NA,Cotton mouse,Rodentia,Cricetidae,Peromyscus,10,29.39,,
m92,Mammals,Reithrodontomys humulis,Reithrodontomys humulis,NA,Eastern harvest mouse,Rodentia,Cricetidae,Reithrodontomys,0,8.31,,
m93,Mammals,Scalopus aquaticus,Scalopus aquaticus,NA,Eastern mole,Eulipotyphla,Talpidae,Scalopus,0,91.26,,
m94,Mammals,Ochrotomys nuttalli,Ochrotomys nuttalli,NA,Golden mouse,Rodentia,Cricetidae,Ochrotomys,0,22.37,,
m95,Mammals,Sigmodon hispidus,Sigmodon hispidus,NA,hispid cotton rat,Rodentia,Cricetidae,Sigmodon,0,92.38,,
m96,Mammals,Cryptotis parva,Cryptotis parva,NA,least shrew,Eulipotyphla,Soricidae,Cryptotis,60,4.98,,
m97,Mammals,Peromyscus polionotus,Peromyscus polionotus,NA,Oldfield mouse,Rodentia,Cricetidae,Peromyscus,10,12.95,,
m98,Mammals,Sorex longirostris,Sorex longirostris,NA,Southeastern shrew,Eulipotyphla,Soricidae,Sorex,30,3.58,,
m99,Mammals,Blarina carolinensis,Blarina carolinensis,NA,Southern short-tailed shrew,Eulipotyphla,Soricidae,Blarina,30,13.5,,
m100,Mammals,Apodemus chevrieri,Apodemus chevrieri,NA,Chevrier's field mouse,Rodentia,Muridae,Apodemus,0,32.9,,
m101,Mammals,Apodemus draco,Apodemus draco,NA,South china field mouse,Rodentia,Muridae,Apodemus,0,22.25,,
m102,Mammals,Leopoldamys edwardsi,Leopoldamys edwardsi,NA,NA,Rodentia,Muridae,Leopoldamys,0,300,,
m103,Mammals,Niviventer confucianus,Niviventer confucianus,NA,Confucian niviventer,Rodentia,Muridae,Niviventer,0,65,,
m104,Mammals,Niviventer fulvescens,Niviventer fulvescens,NA,NA,Rodentia,Muridae,Niviventer,0,82.55,,
m105,Mammals,Rattus nitidus,Rattus nitidus,NA,NA,Rodentia,Muridae,Rattus,0,133.5,,
m106,Mammals,Typhlomys cinereus,Typhlomys cinereus,NA,Sort-furred tree mouse,Rodentia,Platacanthomyidae,Typhlomys,0,31.2,,
m107,Mammals,Felis concolor,Puma concolor,NA,Cougar,Carnivora,Felidae,Puma,100,51600.04,,
m109,Mammals,Lynx canadensis,Lynx canadensis,NA,Lynx,Carnivora,Felidae,Lynx,100,9373.25,,
m110,Mammals,Pekania pennanti,Martes pennanti,NA,Fisher,Carnivora,Mustelidae,Martes,100,4000,,
m111,Mammals,Sorex cinereus,Sorex cinereus,NA,Cinereus shrew,Eulipotyphla,Soricidae,Sorex,30,4.66,,
m112,Mammals,Lepus americanus,Lepus americanus,NA,Snowshoe hare,Lagomorpha,Leporidae,Lepus,0,1710.02,,
m113,Mammals,Sorex monticolus,Sorex monticolus,NA,NA,Eulipotyphla,Soricidae,Sorex,30,5.25,,
m114,Mammals,Sorex sp.,Sorex sp.,NA,Shrew,Eulipotyphla,Soricidae,Sorex,30,5.16,,
m115,Mammals,"Mustela erminea, M. nivalis, M.frenata","Mustela erminea, M. nivalis, M.frenata",NA,Weasel,Carnivora,Mustelidae,Mustela,97,123.42,,
m116,Mammals,"Odocoileus hemionus, O. virginianus","Odocoileus hemionus, O. virginianus",NA,Deer,Cetartiodactyla,Cervidae,Odocoileus,0,54860.6,,
m117,Mammals,Antechinus stuartii,Antechinus stuartii,NA,Brown antechinus,Dasyuromorphia,Dasyuridae,Antechinus,10,27.5,,
m118,Mammals,Cercartetus concinnus,Cercartetus concinnus,NA,Western pygmy possum,Diprotodontia,Burramyidae,Cercartetus,10,13,,
m119,Mammals,Macropus robustus,Macropus robustus,NA,Common wallaroo,Diprotodontia,Macropodidae,Macropus,0,21262.5,,
m120,Mammals,Macropus rufus,Macropus rufus,NA,Red kangaroo,Diprotodontia,Macropodidae,Macropus,0,46250,,
m121,Mammals,Macropus sp.,Macropus sp.,NA,NA,Diprotodontia,Macropodidae,Macropus,0,17228.8,,
m122,Mammals,Sorex palustris,Sorex palustris,NA,NA,Eulipotyphla,Soricidae,Sorex,30,13.45,,
m123,Mammals,Tamias minimus,Neotamias minimus,NA,Least chipmunk,Rodentia,Sciuridae,Neotamias,0,135.27,,
m124,Mammals,Zapus princeps,Zapus princeps,NA,NA,Rodentia,Dipodidae,Zapus,0,29,,
m125,Mammals,"Myodes gapperi, Myodes rutilus","Myodes gapperi, Myodes rutilus",NA,NA,Rodentia,Cricetidae,Myodes,0,19.885,,
m126,Mammals,Zapus hudsonius,Zapus hudsonius,NA,NA,Rodentia,Dipodidae,Zapus,0,17.12,,
m127,Mammals,Phenacomys intermedius,Phenacomys intermedius,NA,NA,Rodentia,Cricetidae,Phenacomys,0,25.2,,
m128,Mammals,Muntiacus muntjak,Muntiacus muntjak,NA,Bornean red muntjac,Cetartiodactyla,Cervidae,Muntiacus,0,15925.79,,
m129,Mammals,Sus barbatus,Sus barbatus,NA,Bearded pig,Cetartiodactyla,Suidae,Sus,20,96666.67,,
m130,Mammals,Tragulus kanchil,Tragulus kanchil,NA,"Lesser mousedeer, lesser oriental chevrotain",Cetartiodactyla,Tragulidae,Tragulus,0,3706.24,,
m131,Mammals,Tragulus napu,Tragulus napu,NA,"Greater mousedeer, greater oriental chevrotain",Cetartiodactyla,Tragulidae,Tragulus,0,4950,,
m132,Mammals,Prionailurus bengalensis,Prionailurus bengalensis,NA,Leopard cat,Carnivora,Felidae,Prionailurus,100,3300,,
m133,Mammals,Herpestes brachyurus,Herpestes brachyurus,NA,Short-tailed mongoose,Carnivora,Herpestidae,Herpestes,60,1853.52,,
m134,Mammals,Herpestes semitorquatus,Herpestes semitorquatus,NA,Long-tailed mongoose,Carnivora,Herpestidae,Herpestes,60,1916.01,,
m135,Mammals,Aonyx cinereus,Aonyx cinereus,Aonyx cinerea,Oriental small-clawed otter,Carnivora,Mustelidae,Aonyx,20,3527.59,,
m136,Mammals,Mustela nudipes,Mustela nudipes,NA,Malay weasel,Carnivora,Mustelidae,Mustela,100,500,,
m137,Mammals,Arctictis binturong,Arctictis binturong,NA,Binturong,Carnivora,Viverridae,Arctictis,50,9875,,
m138,Mammals,Arctogalidia trivirgata,Arctogalidia trivirgata,NA,Small-toothed palm civet,Carnivora,Viverridae,Arctogalidia,60,2250,,
m139,Mammals,Hemigalus derbyanus,Hemigalus derbyanus,NA,Banded palm civet,Carnivora,Viverridae,Hemigalus,0,2322.5,,
m140,Mammals,Paguma larvata,Paguma larvata,NA,Masked palm civet,Carnivora,Viverridae,Paguma,60,4300,,
m141,Mammals,Paradoxurus hermaphroditus,Paradoxurus hermaphroditus,NA,Common palm civet,Carnivora,Viverridae,Paradoxurus,40,3156.66,,
m142,Mammals,Manis javanica,Manis javanica,NA,Sunda pangolin,Pholidota,Manidae,Manis,0,5150,,
m143,Mammals,Macaca nemestrina,Macaca nemestrina,NA,Pig-tailed macaque,Primates,Cercopithecidae,Macaca,0,6296.5,,
m144,Mammals,Hystrix crassispinis,Hystrix crassispinis,NA,Thick-spined porcupine,Rodentia,Hystricidae,Hystrix,0,5445.03,,
m145,Mammals,Hystrix brachyura,Hystrix brachyura,NA,Malayan porcupine,Rodentia,Hystricidae,Hystrix,0,8450,,
m146,Mammals,Trichys fasciculata,Trichys fasciculata,NA,Long-tailed porcupine,Rodentia,Hystricidae,Trichys,0,1655,,
m147,Mammals,Echinosorex gymnura,Echinosorex gymnura,NA,Moonrat,Eulipotyphla,Erinaceidae,Echinosorex,50,957,,
m148,Mammals,Anourosorex squamipes,Anourosorex squamipes,NA,Mole-shrew,Eulipotyphla,Soricidae,Anourosorex,0,20,,
m149,Mammals,Niviventer andersoni,Niviventer andersoni,NA,Anderson's niviventer,Rodentia,Muridae,Niviventer,0,147,,
m150,Mammals,Menetes berdmorei,Menetes berdmorei,NA,Indochinese ground squirrel,Rodentia,Sciuridae,Menetes,0,190,,
m151,Mammals,Tupaia belangeri,Tupaia belangeri,NA,Northern threeshrew,Scandentia,Tupaiidae,Tupaia,0,200,,
m152,Mammals,Macaca leonina,Macaca leonina,NA,Northern pig-tailed macaque,Primates,Cercopithecidae,Macaca,0,5786.96,,
m153,Mammals,Callosciurus sp.,Callosciurus sp.,NA,Squirrels,Rodentia,Sciuridae,Callosciurus,10,260,,
m154,Mammals,Felis catus,Felis catus,NA,Cat,Carnivora,Felidae,Felis,100,2884.8,,
m155,Mammals,Lama guanicoe,Lama guanicoe,Lama glama,Guanaco,Cetartiodactyla,Camelidae,Lama,0,142500,,
m156,Mammals,Equus africanus,Equus africanus,Equus asinus,African wild ass,Perissodactyla,Equidae,Equus,0,244999,,
m157,Mammals,Bos taurus,Bos taurus,NA,Cattle,Artiodactyla,Bovidae,Bos,0,900000,,
m158,Mammals,Erinaceus europaeus ,Erinaceus europaeus ,NA,Hedgehog,Eulipotyphla,Erinaceidae,Erinaceus,20,771,,
m159,Mammals,Perameles natusa,Perameles natusa,NA,NA,Peramelemorphia,Peramelidae,Peramels,20,975,,
m160,Mammals,Isoodon obesulus,Isoodon obesulus,NA,NA,Peramelemorphia,Peramelidae,Isoodon,0,775,,
m161,Mammals,Cercartetus nanus,Cercartetus nanus,NA,NA,Diprotodontia,Burramyidae,Cercartetus,10,24,,
m162,Mammals,Antechinus agilis,Antechinus agilis,NA,NA,Dasyuromorphia,Dasyuridae,Antechinus,10,22.13,,
m163,Mammals,Antechinus swainsonii ,Antechinus swainsonii ,NA,NA,Dasyuromorphia,Dasyuridae,Antechinus,10,53,,
m164,Mammals,Mastacomys fuscus,Mastacomys fuscus,NA,NA,Rodentia,Muridae,Mastacomys,0,125.75,,
m165,Mammals,Barbastella barbastellus,Barbastella barbastellus,NA,Western barbastelle,Chiroptera,Vespertilionidae,Barbastella,0,8.03,,
m166,Mammals,Myotis spp.,Myotis spp.,NA,NA,Chiroptera,Vespertilionidae,Myotis,0,8.7,,
m167,Mammals,Plecotus spp.,Plecotus spp.,NA,Long-eared bats,Chiroptera,Vespertilionidae,Plecotus,0,7.78,,
m168,Mammals,Pipistrellus kuhlii,Pipistrellus kuhlii,NA,Kuhl's pipistrelle,Chiroptera,Vespertilionidae,Pipistrellus,0,5.93,,
m169,Mammals,Pipistrellus pipistrellus,Pipistrellus pipistrellus,NA,Common pipistrelle,Chiroptera,Vespertilionidae,Pipistrellus,0,5.69,,
m170,Mammals,Pipistrellus pygmaeus,Pipistrellus pygmaeus,NA,Soprano pipistrelle,Chiroptera,Vespertilionidae,Pipistrellus,0,5.28,,
m171,Mammals,Pipistrellus spp./M. Schreibersii,Pipistrellus spp./M. Schreibersii,NA,NA,Chiroptera,Vespertilionidae/miniopteridae,Pipistrellus/Miniopterus,0,5.99,,
m172,Mammals,Eptesicus spp.,Eptesicus spp.,NA,NA,Chiroptera,Vespertilionidae,Eptesicus,0,11.7,,
m173,Mammals,Nyctalus spp.,Nyctalus spp.,NA,NA,Chiroptera,Vespertilionidae,Nyctalus,0,26.18,,
m174,Mammals,Tadarida teniotis,Tadarida teniotis,NA,European free-tailed bat,Chrioptera,Molossidae,Tadarida,0,27.04,,
b1,Birds,Accipiter gentilis,Accipiter gentilis,-,Northern Goshawk,Accipitriformes,Accipitridae,Accipiter,100,866.04,,
b2,Birds,Aegypius monachus,Aegypius monachus,-,"Cinereous vulture, European black vulture",Accipitriformes,Accipitridae,Aegypius,100,9320.55,,
b3,Birds,Aquila adalberti,Aquila adalberti,-,Spanish imperial eagle,Accipitriformes,Accipitridae,Aquila,100,2958.03,,
b4,Birds,Aquila pennata,Hieraaetus pennatus,-,Booted eagle,Accipitriformes,Accipitridae,Aquila,90,823.75,,
b5,Birds,Buteo buteo,Buteo buteo,-,Common buzzard,Accipitriformes,Accipitridae,Hieraaetus,100,759.1,,
b6,Birds,Falco tinnunculus,Falco tinnunculus,-,Common kestrel,Falconiformes,Falconidae,Falco,90,183.21,,
b7,Birds,Gyps fulvus,Gyps fulvus,-,Griffon vulture,Accipitriformes,Accipitridae,Gyps,100,7435.99,,
b8,Birds,Milvus milvus,Milvus milvus,-,Red kite,Accipitriformes,Accipitridae,Milvus,100,1071.77,,
b9,Birds,Milvus migrans,Milvus migrans,-,Black kite,Accipitriformes,Accipitridae,Milvus,100,734.1,,
b10,Birds,Agelaius phoeniceus,Agelaius phoeniceus,-,Red-winged blackbird,Passeriformes,Icteridae,Agelaius,0,50.78,,
b11,Birds,Eremophila alpestris,Eremophila alpestris,-,Horned lark,Passeriformes,Alaudidae,Eremophila,0,33.33,,
b12,Birds,Fringilla coelebs,Fringilla coelebs,-,Common Chaffinch,Passeriformes,Fringillidae,Fringilla,0,23.81,,
b13,Birds,Erithacus rubecula,Erithacus rubecula,-,European Robin,Passeriformes,Muscicapidae,Erithacus,30,17.7,,
b14,Birds,Cyanistes caeruleus,Cyanistes caeruleus,Parus caeruleus,Eurasian Blue Tit,Passeriformes,Paridae,Cyanistes,0,13.3,,
b15,Birds,Turdus merula,Turdus merula,-,Eurasian Blackbird,Passeriformes,Turdidae,Turdus,10,102.73,,
b16,Birds,Serinus canaria,Serinus canaria,-,Island Canary,Passeriformes,Fringillidae,Serinus,0,24.3,,
b17,Birds,Columba bollii,Columba bollii,-,Dark-tailed Laurel Pigeon,Columbiformes,Columbidae,Columba,0,308.46,,
b18,Birds,Phylloscopus canariensis,Phylloscopus canariensis,-,Canary Islands Chiffchaff,Passeriformes,Phylloscopidae,Phylloscopus,0,8.2,,
b19,Birds,Regulus regulus,Regulus regulus,-,Goldcrest,Passeriformes,Regulidae,Regulus,0,5.54,,
b20,Birds,Thamnomanes caesius,Thamnomanes caesius,-,Cinereous antshrike,Passeriformes,Thamnophilidae,Thamnomanes,0,15.7,,
b21,Birds,Thamnomanes ardesiacus,Thamnomanes ardesiacus,-,Dusky-throated antshrike,Passeriformes,Thamnophilidae,Thamnomanes,0,17.7,,
b22,Birds,Xiphorhynchus pardalotus,Xiphorhynchus pardalotus,-,Chestnut-rumped woodcreeper,Passeriformes,Furnariidae,Xiphorhynchus,0,34.57,,
b23,Birds,Myrmotherula longipennis,Myrmotherula longipennis,-,Long-winged antwren,Passeriformes,Thamnophilidae,Myrmotherula,0,9.4,,
b24,Birds,Myrmotherula gutturalis,Epinecrophylla gutturalis,-,Brown-bellied antwren,Passeriformes,Thamnophilidae,Epinecrophylla,0,9.2,,
b25,Birds,Myrmotherula menetriesii,Myrmotherula menetriesii,-,Grey antwren,Passeriformes,Thamnophilidae,Myrmotherula,0,8.6,,
b26,Birds,Tolmomyias assimilis,Tolmomyias assimilis,-,Yellow-margined flatbill,Passeriformes,Tyrannidae,Tolmomyias,0,17,,
b27,Birds,Hylophilus ochraceiceps,Hylophilus ochraceiceps,Tunchiornnis ochraceiceps,Tawny-crowned greenlet,Passeriformes,Vireonidae,Hylophilus,0,11.6,,
b28,Birds,Philydor erythrocercus,Philydor erythrocercum,Philydor erythrocercum,Rufous-rumped foliage-gleaner,Passeriformes,Furnariidae,Philydor,0,25.27,,
b29,Birds,Anser brachyrhynchus,Anser brachyrhynchus,-,Pink footed goose,Anseriformes,Anatidae,Anser,0,2642.04,,
b31,Birds,Vanellus vanellus,Vanellus vanellus,-,Northern lapwing,Charadriiformes,Charadriidae,Vanellus,0,218.37,,
b32,Birds,Turdus viscivorus,Turdus viscivorus,-,Mistle thrush,Passeriformes,Turdidae,Turdus,0,117.37,,
b33,Birds,Turdus pilaris,Turdus pilaris,-,Fieldfare,Passeriformes,Turdidae,Turdus,0,106,,
b34,Birds,Turdus philomelos,Turdus philomelos,-,Song thrush,Passeriformes,Turdidae,Turdus,0,67.74,,
b35,Birds,Turdus iliacus,Turdus iliacus,-,Redwing,Passeriformes,Turdidae,Turdus,0,61.2,,
b36,Birds,Troglodytes hiemalis,Troglodytes hiemalis,Troglodytes troglodytes,Winter wren,Passeriformes,Troglodytidae,Troglodytes,20,9.74,,
b37,Birds,Tringa ochropus,Tringa ochropus,-,Green sandpiper,Charadriiformes,Scolopacidae,Tringa,20,71.4,,
b38,Birds,Sylvia curruca,Sylvia curruca,-,Lesser whitethroat,Passeriformes,Sylviidae,Sylvia,0,11.44,,
b39,Birds,Sylvia communis,Sylvia communis,-,Common whitethroat,Passeriformes,Sylviidae,Sylvia,0,15.1,,
b40,Birds,Sylvia borin,Sylvia borin,-,Garden warbler,Passeriformes,Sylviidae,Sylvia,0,18.2,,
b41,Birds,Sturnus vulgaris,Sturnus vulgaris,-,Common starling,Passeriformes,Sturnidae,Sturnus,20,77.14,,
b42,Birds,Spinus spinus,Spinus spinus,Carduelis spinus,Eurasian siskin,Passeriformes,Fringillidae,Spinus,0,13.24,,
b43,Birds,Saxicola rubetra,Saxicola rubetra,-,Winchat,Passeriformes,Muscicapidae,Saxicola,0,16.6,,
b44,Birds,Riparia riparia,Riparia riparia,-,Collared sand martin,Passeriformes,Hirundinidae,Riparia,0,12.68,,
b45,Birds,Pyrrhula pyrrhula,Pyrrhula pyrrhula,-,Eurasian bullfinch,Passeriformes,Fringillidae,Pyrrhula,0,24.26,,
b46,Birds,Prunella modularis,Prunella modularis,-,Dunnock,Passeriformes,Prunellidae,Prunella,0,20.24,,
b47,Birds,Poecile montanus,Poecile montanus,Paris montanus,Willow tit,Passeriformes,Paridae,Poecile,0,11.1,,
b48,Birds,Pica pica,Pica pica,-,Eurasian magpie,Passeriformes,Corvidae,Pica,60,217.48,,
b49,Birds,Phylloscopus trochilus,Phylloscopus trochilus,-,Willow warbler,Passeriformes,Phylloscopidae,Phylloscopus,0,8.7,,
b50,Birds,Phylloscopus sibilatrix,Phylloscopus sibilatrix,-,Wood warbler,Passeriformes,Phylloscopidae,Phylloscopus,0,9.2,,
b51,Birds,Phoenicurus phoenicurus,Phoenicurus phoenicurus,-,Common redstart,Passeriformes,Muscicapidae,Phoenicurus,0,14.59,,
b52,Birds,Periparus ater,Periparus ater,Parus ater,Coal tit,Passeriformes,Paridae,Periparus,10,9.2,,
b53,Birds,Parus major,Parus major,-,Great tit,Passeriformes,Paridae,Parus,10,16.25,,
b54,Birds,Oenanthe oenanthe,Oenanthe oenanthe,-,Northern wheatear,Passeriformes,Muscicapidae,Oenanthe,0,25.39,,
b55,Birds,Numenius arquata,Numenius arquata,-,Eurasian curlew,Charadriiformes,Scolopacidae,Numenius,0,802.99,,
b56,Birds,Muscicapa striata,Muscicapa striata,-,Spotted flycather,Passeriformes,Muscicapidae,Muscicapa,0,15.9,,
b57,Birds,Motacilla alba,Motacilla alba,-,White wagtail,Passeriformes,Motacillidae,Motacilla,0,23.93,,
b58,Birds,Lyrurus tetrix,Lyrurus tetrix,Tetrao tetrix,Black grouse,Galliformes,Phasianidae,Lyrurus,0,1068.66,,
b59,Birds,Loxia sp.,Loxia sp.,-,Crossbill species,Passeriformes,Fringillidae,Loxia,0,53,,
b60,Birds,Lophophanes cristatus,Lophophanes cristatus,Parus cristatus,Crested tit,Passeriformes,Paridae,Lophophanes,0,11.04,,
b61,Birds,Hirundo rustica,Hirundo rustica,-,Barn swallow,Passeriformes,Hirundinidae,Hirundo,0,17.91,,
b62,Birds,Garrulus glandarius,Garrulus glandarius,-,Eurasian jay,Passeriformes,Corvidae,Garrulus,10,159.46,,
b63,Birds,Ficedula hypoleuca,Ficedula hypoleuca,-,European pied flycatcher,Passeriformes,Muscicapidae,Ficedula,0,13.79,,
b64,Birds,Emberiza schoeniclus,Emberiza schoeniclus,-,Reed bunting,Passeriformes,Emberizidae,Emberiza,0,18.4,,
b65,Birds,Emberiza hortulana,Emberiza hortulana,-,Ortolan bunting,Passeriformes,Emberizidae,Emberiza,0,19.9,,
b66,Birds,Emberiza citrinella,Emberiza citrinella,-,Yellowhammer,Passeriformes,Emberizidae,Emberiza,0,29.7,,
b67,Birds,Dryocopus martius,Dryocopus martius,-,Black woodpecker,Piciformes,Picidae,Dryocopus,0,321,,
b68,Birds,Dendrocopos major,Dendrocopos major,-,Great spotted woodpecker,Piciformes,Picidae,Dendrocopos,20,74.94,,
b69,Birds,Vultur gryphus,Vultur gryphus,-,Andean condor,Cathartiformes,Cathartidae,Vultur,100,11236.1,,
b70,Birds,Cuculus canorus,Cuculus canorus,-,Common cuckoo,Cuculiformes,Cuculidae,Cuculus,0,111.36,,
b71,Birds,Corvus monedula,Corvus monedula,-,Eurasian jackdaw,Passeriformes,Corvidae,Corvus,10,246,,
b72,Birds,Corvus corone,Corvus corone,-,Carrion crow,Passeriformes,Corvidae,Corvus,60,570,,
b73,Birds,Columba palumbus,Columba palumbus,-,Common woodpigeon,Columbiformes,Columbidae,Columba,0,490,,
b74,Birds,Chloris chloris,Chloris chloris,Carduelis chloris,European greenfinch,Passeriformes,Fringillidae,Chloris,0,26,,
b75,Birds,Certhia familiaris,Certhia familiaris,-,Eurasian treecreeper,Passeriformes,Certhiidae,Certhia,0,9,,
b76,Birds,Carpodacus erythrinus,Carpodacus erythrinus,-,Common rosefinch,Passeriformes,Fringillidae,Carpodacus,0,23.97,,
b77,Birds,Apus apus,Apus apus,-,Common swift,Caprimulgiformes,Apodidae,Apus,0,37.6,,
b78,Birds,Anthus trivialis,Anthus trivialis,-,Tree pipit,Passeriformes,Motacillidae,Anthus,0,23.33,,
b79,Birds,Anthus pratensis,Anthus pratensis,-,Meadow pipit,Passeriformes,Motacillidae,Anthus,0,18.4,,
b80,Birds,Alauda arvensis,Alauda arvensis,-,Eurasian skylark,Passeriformes,Alaudidae,Alauda,0,37.31,,
b81,Birds,Acrocephalus schoenobaenus,Acrocephalus schoenobaenus,-,Sedge warbler,Passeriformes,Acrocephalidae,Acrocephalus,0,11.83,,
b82,Birds,Alectoris rufa,Alectoris rufa,-,Red leggged Partridge,Galliformes,Phasianidae,Alectoris,0,527.86,,
b83,Birds,Carduelis cannabina,Linaria cannabina,-,Common linnet,Passeriformes,Fringillidae,Linaria,0,19.53,,
b84,Birds,Carduelis carduelis,Carduelis carduelis,-,European goldfinch,Passeriformes,Fringillidae,Carduelis,0,16,,
b85,Birds,Certhia brachydactyla,Certhia brachydactyla,-,Short-toed treecreeper,Passeriformes,Certhiidae,Certhia,0,8.2,,
b86,Birds,Circus pygargus,Circus pygargus,-,Monatgu’s harrier,Accipitriformes,Accipitridae,Circus,90,310.75,,
b87,Birds,Emberiza cirlus,Emberiza cirlus,-,Cirl bunting,Passeriformes,Emberizidae,Emberiza,0,25.6,,
b88,Birds,Hippolais polyglotta,Hippolais polyglotta,-,Melodious warbler,Passeriformes,Acrocephalidae,Hippolais,0,11,,
b89,Birds,Luscinia megarhynchos,Luscinia megarhynchos,-,Common nightingale,Passeriformes,Muscicapidae,Luscinia,0,19.6,,
b90,Birds,Phasianus colchicus,Phasianus colchicus,-,Common pheasant,Galliformes,Phasianidae,Phasianus,0,1120.31,,
b91,Birds,Phoenicurus ochruros,Phoenicurus ochruros,-,Black redstart,Passeriformes,Muscicapidae,Phoenicurus,0,16.5,,
b92,Birds,Phylloscopus bonelli,Phylloscopus bonelli,-,Western Bonelli’s warbler,Passeriformes,Phylloscopidae,Phylloscopus,0,8.69,,
b93,Birds,Phylloscopus collybita,Phylloscopus collybita,-,Common chiffchaff,Passeriformes,Phylloscopidae,Phylloscopus,0,8.3,,
b94,Birds,Regulus ignicapilla,Regulus ignicapilla,-,Common firecrest,Passeriformes,Regulidae,Regulus,0,5.6,,
b95,Birds,Saxicola torquata,Saxicola torquatus,-,Common stonechat,Passeriformes,Muscicapidae,Saxicola,10,14.09,,
b96,Birds,Serinus serinus,Serinus serinus,-,European serin,Passeriformes,Fringillidae,Serinus,0,11.2,,
b97,Birds,Streptopelia turtur,Streptopelia turtur,-,European turtle-dove,Columbiformes,Columbidae,Streptopelia,0,132,,
b98,Birds,Sylvia atricapilla,Sylvia atricapilla,-,Eurasian blackcap,Passeriformes,Sylviidae,Sylvia,0,16.7,,
b99,Birds,Sylvia cantillans,Sylvia cantillans,-,Subalpine warbler,Passeriformes,Sylviidae,Sylvia,0,9.6,,
b100,Birds,Sylvia melanocephala,Sylvia melanocephala,-,Sardinian warbler,Passeriformes,Sylviidae,Sylvia,0,11.7,,
b101,Birds,Sylvia undata,Sylvia undata,-,Dartford warbler,Passeriformes,Sylviidae,Sylvia,0,10.8,,
b103,Birds,Upupa epops,Upupa epops,-,Common hoopoe,Bucerotiformes,Upupidae,Upupa,20,66.93,,
b104,Birds,Sitta europaea,Sitta europaea,-,Eurasian nuthatch,Passeriformes,Sittidae,Sitta,0,20.37,,
b105,Birds,Passer domesticus,Passer domesticus,-,House sparrow,Passeriformes,Passeridae,Passer,0,26.51,,
b106,Birds,Circus cyaneus,Circus cyaneus,-,Hen harrier,Accipitriformes,Accipitridae,Circus,90,392.98,,
b107,Birds,Columba livia,Columba livia,-,Rock dove,Columbiformes,Columbidae,Columba,0,354.2,,
b108,Birds,Zosterops lateralis,Zosterops lateralis,-,silvereye,Passeriformes,Zosteropidae,Zosterops,0,12.68,,
b109,Birds,Corvus corax,Corvus corax,-,Common raven,Passeriformes,Corvidae,Corvus,60,927.97,,
b112,Birds,Napothera epilepidota,Napothera epilepidota,-,Eyebrowed wren-babbler,Passeriformes,Pellorneidae,Napothera,0,16,,
b115,Birds,Pardalotus striatus,Pardalotus striatus,-,Striated pardalote,Passeriformes,Pardalotidae,Pardalotus,0,11.44,,
b119,Birds,Zenaida aurita,Zenaida aurita,-,Zenaida dove,Columbiformes,Columbidae,Zenaida,0,156,,
b120,Birds,Vireo latimeri,Vireo latimeri,-,Puerto rican vireo,Passeriformes,Vireonidae,Vireo,0,12,,
b121,Birds,Vireo altiloquus,Vireo altiloquus,-,Black-whiskered vireo,Passeriformes,Vireonidae,Vireo,0,18.97,,
b122,Birds,Tyrannus dominicensis,Tyrannus dominicensis,-,Grey kingbird,Passeriformes,Tyrannidae,Tyrannus,10,46.5,,
b123,Birds,Todus mexicanus,Todus mexicanus,-,Puerto rican tody,Coraciiformes,Todidae,Todus,10,5.9,,
b124,Birds,Turdus plumbeus,Turdus plumbeus,-,Norther red-legged thrush,Passeriformes,Turdidae,Turdus,30,75.3,,
b125,Birds,Setophaga adelaidae,Setophaga adelaidae,Dendroica adelaide,Adelaide’s warbler,Passeriformes,Parulidae,Setophaga,0,6.94,,
b126,Birds,Pyrrhulagra portoricensis,Pyrrhulagra portoricensis,Loxigilla portoricensis,Puerto rican bullfinch,Passeriformes,Thraupidae,Pyrrhulagra,0,32.04,,
b127,Birds,Patagioenas squamosa,Patagioenas squamosa,-,Scaly-naped pigeon,Columbiformes,Columbidae,Patagioenas,0,312,,
b128,Birds,Nesospingus speculiferus,Nesospingus speculiferus,-,Puerto rican tanager,Passeriformes,Nesospingidae,Nesospingus,10,35.2,,
b129,Birds,Myiarchus antillarum,Myiarchus antillarum,-,Puerto rican flycatcher,Passeriformes,Tyrannidae,Myiarchus,0,23.4,,
b130,Birds,Megascops nudipes,Megascops nudipes,-,Puerto rican screech-owl,Strigiformes,Strigidae,Megascops,10,137.34,,
b131,Birds,Margarops fuscatus,Margarops fuscatus,-,Pearly-eyed thrasher,Passeriformes,Mimidae,Margarops,20,98.43,,
b132,Birds,Coereba flaveola,Coereba flaveola,-,Bananaquit,Passeriformes,Thraupidae,Coereba,0,10.01,,
b133,Birds,Coccyzus vieilloti,Coccyzus vieilloti,-,Puerto rican lizard-cuckoo,Cuculiformes,Cuculidae,Coccyzus,50,81.9,,
b134,Birds,Buteo jamaicensis,Buteo jamaicensis,-,Red-tailed hawk,Accipitriformes,Accipitridae,Buteo,90,1101.16,,
b135,Birds,Crotophaga ani,Crotophaga ani,-,Smooth-billed ani,Cuculiformes,Cuculidae,Crotophaga,40,110.09,,
b136,Birds,Melanerpes portoricensis,Melanerpes portoricensis,-,Puerto rican woodpecker,Piciformes,Picidae,Melanerpes,0,59.86,,
b137,Birds,Burhinus oedicnemus,Burhinus oedicnemus,-,Eurasian Thick-knee,Charadriiformes,Burhinidae,Burhinus,40,459,,
b138,Birds,Coccyzus americanus,Coccyzus americanus,-,Yellow-billed cuckoo,Cuculiformes,Cuculidae,Coccyzus,30,64,,
b139,Birds,Empidonax virescens,Empidonax virescens,-,Acadian Flycatcher,Passeriformes,Tyrannidae,Empidonax,0,12.6,,
b140,Birds,Hylocichla mustelina,Hylocichla mustelina,-,Wood thrush,Passeriformes,Turdidae,Hylocichla,0,50.09,,
b141,Birds,Myiarchus crinitus,Myiarchus crinitus,-,Great crested flycatcher,Passeriformes,Tyrannidae,Myiarchus,0,32.1,,
b142,Birds,Piranga olivacea,Piranga olivacea,-,Scarlet tanager,Passeriformes,Cardinalidae,Piranga,0,28.2,,
b143,Birds,Seiurus aurocapilla,Seiurus aurocapilla,-,Ovenbird,Passeriformes,Parulidae,Seiurus,10,18.8,,
b144,Birds,Sitta carolinensis,Sitta carolinensis,-,White-breasted nuthatch,Passeriformes,Sittidae,Sitta,0,21,,
b145,Birds,Thryothorus ludovicianus,Thryothorus ludovicianus,-,Caroline wren,Passeriformes,Troglodytidae,Thryothorus,20,18.96,,
b148,Birds,Caligavis chrysops,Caligavis chrysops,Lichenostomus chrysops,Yellow-faced honeyeater,Passeriformes,Meliphagidae,Caligavis,0,17.3,,
b149,Birds,Colluricincla harmonica,Colluricincla harmonica,-,Grey shrike-thrush,Passeriformes,Pachycephalidae,Collurichincla,20,65.8,,
b150,Birds,Coracina novaehollandiae,Coracina novaehollandiae,-,Black-faced cuckoo-shrike,Passeriformes,Campephagidae,Coracina,0,118,,
b157,Birds,Malurus lamberti,Malurus lamberti,-,Variegated fairy-wren,Passeriformes,Maluridae,Malurus,0,8.04,,
b162,Birds,Pernis apivorus,Pernis apivorus,-,European honey-buzzard,Accipitriformes,Accipitridae,Pernis,20,754.37,,
b163,Birds,Miliaria calandra,Emberiza calandra,-,Corn bunting,Passeriformes,Emberizidae,Emberiza,0,48.5,,
b164,Birds,Poecile palustris,Poecile palustris,Parus palustris,Marsh tit,Passeriformes,Paridae,Poecile,0,11.14,,
b165,Birds,Picus canus,Picus canus,-,Grey-faced woodpecker,Piciformes,Picidae,Picus,0,137,,
b166,Birds,Luscinia luscinia,Luscinia luscinia,-,Thrush nightingale,Passeriformes,Muscicapidae,Luscinia,0,23.8,,
b167,Birds,Oriolus oriolus,Oriolus oriolus,-,Eurasian golden oriole,Passeriformes,Oriolidae,Oriolus,20,79,,
b168,Birds,Polioptila caerulea,Polioptila caerulea,-,Blue-grey Gnatcather,Passeriformes,Polioptilidae,Polioptila,0,5.8,,
b169,Birds,Agriornis montanus,Agriornis montanus,-,Black-billed shrike-tyrant,Passeriformes,Tyrannidae,Agriornis,50,63.3,,
b170,Birds,Cnemarchus erythropygius,Cnemarchus erythropygius,-,Red-rumped bush-tyrant,Passeriformes,Tyrannidae,Cnemarchus,0,41,,
b171,Birds,Dryobates minor,Dryobates minor,Dendrocopos minor,Lesser spotted woodpecker,Piciformes,Picidae,Dryobates,0,19.8,,
b172,Birds,Hippolais icterina,Hippolais icterina,-,Icterine warbler,Passeriformes,Acrocephalidae,Hippolais,0,13.2,,
b173,Birds,Scolopax rusticola,Scolopax rusticola,-,Eurasian woodcock,Charadriiformes,Scolopacidae,Scolopax,0,308.31,,
b174,Birds,Columba oenas,Columba oenas,-,Stock dove,Columbiformes,Columbidae,Columba,0,290.79,,
b175,Birds,Coccothraustes coccothraustes,Coccothraustes coccothraustes,-,Hawfinch,Passeriformes,Fringillidae,Coccothraustes,0,56.63,,
b176,Birds,Podoces biddulphi,Podoces biddulphi,-,Xinjiang ground-jay,Passeriformes,Corvidae,Podoces,20,109.2,,
b178,Birds,Limosa limosa,Limosa limosa,-,Black-tailed godwit,Charadriiformes,Scolopacidae,Limosa,20,288.37,,
b179,Birds,Haematopus ostralegus,Haematopus ostralegus,-,Eurasian Oystercatcher,Charadriiformes,Haematopodidae,Heamatopus,10,526,,
b180,Birds,Tringa totanus,Tringa totanus,-,Common redshank,Charadriiformes,Scolopacidae,Tringa,20,129,,
b181,Birds,Catharus guttatus,Catharus guttatus,-,Hermit thrush,Passeriformes,Turdidae,Catharus,0,30.1,,
b183,Birds,Gallinago jamesoni,Gallinago jamesoni,-,Adean snipe,Charadriiformes,Scolopacidae,Gallinago,10,166,,
b184,Birds,Aglaeactis cupripennis,Aglaeactis cupripennis,-,Shining sunbeam,Caprimulgiformes,Trochilidae,Aglaeactis,0,7.6,,
b185,Birds,Anairetes parulus,Anairetes parulus,-,Tufted tit-tyrant,Passeriformes,Tyrannidae,Anairetes,0,6.2,,
b186,Birds,Catamenia homochroa,Catamenia homochroa,-,Paramo seedeater,Passeriformes,Thraupidae,Catamenia,0,12.2,,
b187,Birds,Conirostrum cinereum,Conirostrum cinereum,-,Cinereous conebill,Passeriformes,Thraupidae,Conirostrum,0,8.8,,
b188,Birds,Cinclodes excelsior,Cinclodes excelsior,-,Stout-billed cinclodes,Passeriformes,Furnariidae,Cinclodes,10,63.96,,
b189,Birds,Conirostrum binghami,Conirostrum binghami,Oreomanes fraseri,Gian conebill,Passeriformes,Thraupidae,Conirostrum,0,25,,
b190,Birds,Dubusia taeniata,Dubusia taeniata,-,Buff-breasted mountain-tanager,Passeriformes,Thraupidae,Dubusia,0,37,,
b191,Birds,Mecocerculus leucophrys,Mecocerculus leucophrys,-,White-throated tyrannulet,Passeriformes,Tyrannidae,Mecocerculus,0,10.98,,
b192,Birds,Atlapetes latinuchus,Atlapetes latinuchus,-,Yellow-breasted brush-finch,Passeriformes,Passerellidae,Atlapetes,0,23.56,,
b193,Birds,Turdus fuscater,Turdus fuscater,-,Great thrush,Passeriformes,Turdidae,Turdus,0,143,,
b194,Birds,Muscisaxicola alpinus,Muscisaxicola alpinus,-,Plain-capped ground-tyrant,Passeriformes,Tyrannidae,Muscisaxicola,0,26.1,,
b195,Birds,Catamenia inornata,Catamenia inornata,-,Plain-colored seedeater,Passeriformes,Thraupidae,Catamenia,0,13.4,,
b196,Birds,Zonotrichia capensis,Zonotrichia capensis,-,Rufous-collared sparrow,Passeriformes,Passerellidae,Zonotrichia,0,20.31,,
b197,Birds,Ochthoeca fumicolor,Ochthoeca fumicolor,-,Brown0backed chat-tyrant,Passeriformes,Tyrannidae,Ochthoeca,0,16.6,,
b198,Birds,Diglossa humeralis,Diglossa humeralis,-,Black flowerpiercer,Passeriformes,Thraupidae,Diglossa,0,13.14,,
b199,Birds,Leptasthenura andicola,Leptasthenura andicola,-,Andean tit-spinetail,Passeriformes,Furnariidae,Letasthenura,0,15.49,,
b200,Birds,Oreotrochilus chimborazo,Oreotrochilus chimborazo,-,Ecuadorian hillstar,Caprimulgiformes,Trochilidae,Oreotrochilus,0,8.2,,
b201,Birds,Grallaria quitensis,Grallaria quitensis,-,Western tawny antpitta,Passeriformes,Grallariidae,Grallaria,10,65.7,,
b202,Birds,Pellorneum capistratum,Pellorneum capistratum,-,Rufous-browed babbler,Passeriformes,Pellorneidae,Pellorneum,0,29,,
b203,Birds,Chalcostigma stanleyi,Chalcostigma stanleyi,-,Blue-mantled thornbill,Caprimulgiformes,Trochilidae,Chalcostigma,0,5.8,,
b204,Birds,Xenodacnis parina,Xenodacnis parina,-,Tit-like dacnis,Passeriformes,Thraupidae,Xenodacnis,0,11.5,,
b205,Birds,Metallura baroni,Metallura baroni,-,Violet-throated metaltail,Caprimulgiformes,Trochilidae,Metallura,0,4.3,,
b206,Birds,Asthenes flammulata,Asthenes flammulata,-,Many-striped canastero,Passeriformes,Furnariidae,Asthenes,0,22.5,,
b207,Birds,Geospizopsis unicolor,Geospizopsis unicolor,Phrygilus unicolor,Plumbeous sierra-finch,Passeriformes,Thraupidae,Geospizopsis,0,21.9,,
b208,Birds,Cinclodes fuscus,Cinclodes fuscus,-,Buff-winged cinclodes,Passeriformes,Furnariidae,Cinclodes,0,30,,
b210,Birds,Anas platyrhynchos,Anas platyrhynchos,-,Mallard,Anseriformes,Anatidae,Anas,20,843.42,,
b211,Birds,Acrocephalus palustris,Acrocephalus palustris,-,Marsh warbler,Passeriformes,Acrocephalidae,Acrocephalus,0,11.5,,
b212,Birds,Picus viridis,Picus viridis,-,Eurasian green woodpecker,Piciformes,Picidae,Picus,0,176,,
b213,Birds,Pithys albifrons,Pithys albifrons,-,White-plumed antbird,Passeriformes,Thamnophilidae,Pithys,10,19.47,,
b214,Birds,Gymnopithys leucaspis,Gymnopithys leucaspis,-,White-cheeked antbird,Passeriformes,Thamnophilidae,Gymnopithys,10,27.2,,
b215,Birds,Pipra coronata,Lepidothrix coronata,Lepidothrix coronata,Blue-crowned manakin,Passeriformes,Pipridae,Lepidothrix,0,8.34,,
b216,Birds,Glyphorynchus spirurus,Glyphorynchus spirurus,-,Wedge-billed woodcreeper,Passeriformes,Furnariidae,Glyphorynchus,0,14.6,,
b218,Birds,Zonotrichia albicollis,Zonotrichia albicollis,-,White-throated sparrow,Passeriformes,Passerellidae,Zonotrichia,0,24.4,,
b219,Birds,Turdus migratorius,Turdus migratorius,-,American robin,Passeriformes,Turdidae,Turdus,0,78.5,,
b222,Birds,Dryobates pubescens,Dryobates pubescens,Picoides pubescens,Downy woodpecker,Piciformes,Picidae,Dryobates,0,25.55,,
b223,Birds,Empidonax flaviventris,Empidonax flaviventris,-,Yellow-bellied flycatcher,Passeriformes,Tyrannidae,Empidonax,0,11.8,,
b224,Birds,Geothlypis philadelphia,Geothlypis philadelphia,Oporornis philadelphia,Mourning warbler,Passeriformes,Parulidae,Geothlypis,0,11.74,,
b225,Birds,Haemorhous purpureus,Haemorhous purpureus,Carpodacus purpureus,Purple finch,Passeriformes,Fringillidae,Haemorhous,0,23.3,,
b226,Birds,Junco hyemalis,Junco hyemalis,-,Dark-eyed junco,Passeriformes,Passerellidae,Junco,0,19.5,,
b227,Birds,Leuconotopicus villosusá,Leuconotopicus villosus,Picoides villosus,Hairy woodpecker,Piciformes,Picidae,Leuconotopicus,0,62.65,,
b228,Birds,Melospiza lincolnii,Melospiza lincolnii,-,Lincoln’s sparrow,Passeriformes,Passerellidae,Melospiza,0,16.6,,
b229,Birds,Parkesia noveboracensis,Parkesia noveboracensis,Seiurus noveboracensis,Northern waterthrush,Passeriformes,Parulidae,Parkesia,10,16.3,,
b230,Birds,Passerella iliaca,Passerella iliaca,-,Red fox-sparrow,Passeriformes,Passerellidae,Passerella,0,33.25,,
b231,Birds,Perisoreus canadensis,Perisoreus canadensis,-,Grey jay,Passeriformes,Corvidae,Perisoreus,20,71.58,,
b234,Birds,Regulus calendula,Regulus calendula,-,Ruby-crowned kinglet,Passeriformes,Regulidae,Regulus,0,6.19,,
b235,Birds,Regulus satrapa,Regulus satrapa,-,Golden-crowned kinglet,Passeriformes,Regulidae,Regulus,0,6.19,,
b236,Birds,Poecile hudsonicus,Poecile hudsonicus,Parus hudsonicus,Boreal chickadee,Passeriformes,Paridae,Poecile,0,9.8,,
b237,Birds,Poecile atricapillus,Poecile atricapillus,Parus atricapillus,Black-bapped chickadee,Passeriformes,Paridae,Poecile,0,10.8,,
b238,Birds,Setophaga coronata,Setophaga coronata,Dendroica coronata,Myrtle warbler,Passeriformes,Parulidae,Setophaga,0,11.94,,
b239,Birds,Setophaga magnolia,Setophaga magnolia,Dendroica magnolia,Magnolia warbler,Passeriformes,Parulidae,Setophaga,0,8.14,,
b241,Birds,Setophaga virens,Setophaga virens,Dendroica virens,Black-throated green warbler,Passeriformes,Parulidae,Setophaga,0,8.69,,
b242,Birds,Sitta canadensis,Sitta canadensis,-,Red-breasted nuthatch,Passeriformes,Sittidae,Sitta,0,9.8,,
b244,Birds,Chordeiles minor,Chordeiles minor,-,Common Nighthawk,Caprimulgiformes,Caprimulgidae,Chordeiles,0,79.3,,
b245,Birds,Fringilla teydea,Fringilla teydea,-,Tenerife bleu chaffinch,Passeriformes,Fringillidae,Fringilla,0,30.3,,
b246,Birds,Anthus berthelotii,Anthus berthelotii,-,Berthelot’s pipit,Passeriformes,Motacillidae,Anthus,0,15.86,,
b247,Birds,Lichenostomus ornatus,Ptilotula ornata,-,Yelow-plumed honeyeater,Passeriformes,Meliphagidae,Ptilotula,0,17.63,,
b248,Birds,Pardalotus punctatus,Pardalotus punctatus,-,Spotted pardalote,Passeriformes,Pardalotidae,Pardalotus,0,8.7,,
b249,Birds,Pomatostomus superciliosus,Pomatostomus superciliosus,-,White browed babbler,Passeriformes,Pomatostomidae,Pomatostomus,10,41.53,,
b250,Birds,Cinclosoma castanotus,Cinclosoma castanotum,-,Chestnut quail-thrush,Passeriformes,Cinclosomatidae,Cinclosoma,0,73.33,,
b251,Birds,Barnardius zonarius,Barnardius zonarius,-,Australian ringneck,Psittaciformes,Psittacidae,Barnardius,0,121,,
b252,Birds,Acanthagenys rufogularis,Acanthagenys rufogularis,-,Spiny-cheeked honeyeater,Passeriformes,Meliphagidae,Acanthagenys,10,47.8,,
b253,Birds,Drymodes brunneopygia,Drymodes brunneopygia,-,Southern scrub-robin,Passeriformes,Petroicidae,Drymodes,0,32.95,,
b254,Birds,Lichenostomus virescens,Gavicalis virescens,-,Signing honeyeater,Passeriformes,Meliphagidae,Gavicalis,0,23.33,,
b255,Birds,Anthochaera carunculata,Anthochaera carunculata,-,Red wattlebirds,Passeriformes,Meliphagidae,Anthochaera,0,106.07,,
b256,Birds,Gymnorhina tibicen,Gymnorhina tibicen,-,Australian magpie,Passeriformes,Artamidae,Gymnorhina,30,284.87,,
b257,Birds,Corvus mellori,Corvus mellori,-,Little raven,Passeriformes,Corvidae,Corvus,40,540.37,,
b259,Birds,Ammodramus savannarum,Ammodramus savannarum,-,Grasshopper sparrow,Passeriformes,Passerellidae,Ammodramus,0,17.61,,
b260,Birds,Sturnella neglecta,Sturnella neglecta,-,Western meadowlark,Passeriformes,Icteridae,Sturnella,0,100.06,,
b263,Birds,Vireo solitarius,Vireo solitarius,-,Blue-headed vireo,Passeriformes,Vireonidae,Vireo,0,15.3,,
b265,Birds,Spizella passerina,Spizella passerina,-,Chipping sparrow,Passeriformes,Passerellidae,Spizella,0,12.2,,
b268,Birds,Ammospiza leconteii,Ammospiza leconteii,Ammodramus leconteii,Le Conte’s sparrow,Passeriformes,Passerellidae,Ammospiza,0,13,,
b269,Birds,Bombycilla cedrorum,Bombycilla cedrorum,-,Cedar waxwing,Passeriformes,Bombycillidae,Bombycilla,0,31.58,,
b270,Birds,Bonasa umbellus,Bonasa umbellus,-,Ruffed grouse,Galliformes,Phasianidae,Bonasa,0,530.91,,
b271,Birds,Cardellina canadensis,Cardellina canadensis,Wilsonia canadensis,Canada warbler,Passeriformes,Parulidae,Cardellina,0,10.04,,
b272,Birds,Cardellina pusilla,Cardellina pusilla,Wilsonia pusilla,Wilson’s warbler,Passeriformes,Parulidae,Cardellina,0,6.96,,
b273,Birds,Certhia americana,Certhia americana,-,American treecreeper,Passeriformes,Certhiidae,Certhia,0,8.1,,
b274,Birds,Colaptes auratus,Colaptes auratus,-,Yellow-shafted flicker,Piciformes,Picidae,Colaptes,0,131.46,,
b275,Birds,Empidonax alnorum,Empidonax alnorum,-,Alder flycatcher,Passeriformes,Tyrannidae,Empidonax,0,12.7,,
b276,Birds,Empidonax minimus,Empidonax minimus,-,Least flycatcher,Passeriformes,Tyrannidae,Empidonax,0,10,,
b277,Birds,Geothlypis trichas,Geothlypis trichas,-,Common yellowthroat,Passeriformes,Parulidae,Geothlypis,0,9.54,,
b278,Birds,Leiothlypis celata,Leiothlypis celata,"Vermivora celata, Oreothlypis celata ",Orange-crowned warbler,Passeriformes,Parulidae,Leiothlypis,0,9.19,,
b279,Birds,Leiothlypis peregrina,Leiothlypis peregrina,"Vermivora peregrina, Oreothlypis peregrina",Tennessee warbler,Passeriformes,Parulidae,Leiothlypis,0,8.9,,
b280,Birds,Loxia leucoptera,Loxia leucoptera,-,Two-barred crossbill,Passeriformes,Fringillidae,Loxia,0,28.69,,
b281,Birds,Melospiza georgiana,Melospiza georgiana,-,Swamp sparrow,Passeriformes,Passerellidae,Melospiza,0,16.1,,
b282,Birds,Mniotilta varia,Mniotilta varia,-,Black-and-white warbler,Passeriformes,Parulidae,Mniotilta,0,10.9,,
b283,Birds,Molothrus ater,Molothrus ater,-,Brown-headed cowbird,Passeriformes,Icteridae,Molothrus,0,40.26,,
b284,Birds,Oporornis agilis,Oporornis agilis,-,Conneticut warbler,Passeriformes,Parulidae,Oporornis,0,13.3,,
b285,Birds,Pheucticus ludovicianus,Pheucticus ludovicianus,-,Rose-breasted grosbeak,Passeriformes,Cardinalidae,Pheucticus,0,42,,
b286,Birds,Picoides dorsalis,Picoides dorsalis,-,American three-toed woodpecker,Piciformes,Picidae,Picoides,0,55.05,,
b287,Birds,Piranga ludoviciana,Piranga ludoviciana,-,Western tanager,Passeriformes,Cardinalidae,Piranga,0,28.1,,
b288,Birds,Setophaga castanea,Setophaga castanea,Dendroica castanea,Bay-breasted warbler,Passeriformes,Parulidae,Setophaga,0,11.8,,
b289,Birds,Setophaga palmarum,Setophaga palmarum,Dendroica palmarum,Palm warbler,Passeriformes,Parulidae,Setophaga,0,10.3,,
b290,Birds,Setophaga petechia,Setophaga petechia,Dendroica petechia,American yellow warbler,Passeriformes,Parulidae,Setophaga,0,10.22,,
b291,Birds,Setophaga ruticilla,Setophaga ruticilla,-,American redstart,Passeriformes,Parulidae,Setophaga,0,8.24,,
b292,Birds,Setophaga tigrina,Setophaga tigrina,Dendroica tigrina,Cape may warbler,Passeriformes,Parulidae,Setophaga,0,10.04,,
b293,Birds,Sphyrapicus varius,Sphyrapicus varius,-,Yellow-bellied sapsucker,Piciformes,Picidae,Sphyrapicus,0,50.3,,
b294,Birds,Spizella pallida,Spizella pallida,-,Clay-colored sparrow,Passeriformes,Passerellidae,Spizella,0,11.2,,
b295,Birds,Tringa flavipes,Tringa flavipes,-,Lesser yellowlegs,Charadriiformes,Scolopacidae,Tringa,0,77.5,,
b297,Birds,Tringa solitaria,Tringa solitaria,-,Solitary sandpiper,Charadriiformes,Scolopacidae,Tringa,20,48.4,,
b298,Birds,Vireo gilvus,Vireo gilvus,-,Warbling vireo,Passeriformes,Vireonidae,Vireo,0,12.67,,
b299,Birds,Vireo olivaceus,Vireo olivaceus,-,Red-eyed vireo,Passeriformes,Vireonidae,Vireo,0,16.06,,
b300,Birds,Vireo philadelphicus,Vireo philadelphicus,-,Philadelphia vireo,Passeriformes,Vireonidae,Vireo,0,11.5,,
b303,Birds,Artemisiospiza belli clementeae,Artemisiospiza belli,Amphispiza belli,Bell’s sparrow,Passeriformes,Passerellidae,Artemisiospiza,0,16.99,,
b308,Birds,Chondestes grammacus,Chondestes grammacus,-,Lark sparrow,Passeriformes,Passerellidae,Chondestes,0,29,,
b312,Birds,Pipilo erythrophthalmus,Pipilo erythrophthalmus,-,Eastern towhee,Passeriformes,Passerellidae,Pipilo,0,40.03,,
b314,Birds,Psaltriparus minimus,Psaltriparus minimus,-,American bushtit,Passeriformes,Aegithalidae,Psaltriparus,0,5.3,,
b317,Birds,Thryomanes bewickii,Thryomanes bewickii,-,Bewick’s wren,Passeriformes,Troglodytidae,Thryomanes,0,9.9,,
b319,Birds,Zenaida macroura,Zenaida macroura,-,Mourning dove,Columbiformes,Columbidae,Zenaida,0,118.93,,
b320,Birds,Climacteris picumnus,Climacteris picumnus,-,Brown treecreeper,Passeriformes,Climacteridae,Climacteris,0,28.94,,
b321,Birds,Cacatua roseicapilla,Cacatua roseicapilla,Eolophus roseicapilla,Galah,Psittaciformes,Cacatuidae,Eolophus,0,325.33,,
b322,Birds,Smicrornis brevirostris,Smicrornis brevirostris,-,Weebill,Passeriformes,Acanthizidae,Smicrornis,0,5.3,,
b323,Birds,Phylidonyris albifrons,Purnella albifrons,-,White-fronted Honeyeater,Passeriformes,Meliphagidae,Purnella,0,17.4,,
b324,Birds,Lichenostomus leucotis,Nesoptilotis leucotis,-,White-eared honeyeater,Passeriformes,Meliphagidae,Nesoptilotis,0,23.86,,
b325,Birds,Strepera versicolor,Strepera versicolor,-,Grey Currawong,Passeriformes,Artamidae,Strepera,40,395.47,,
b326,Birds,Malurus splendens,Malurus splendens,-,Splendid fairy-wren,Passeriformes,Maluridae,Malurus,0,9.39,,
b327,Birds,Corvus coronoides,Corvus coronoides,-,Australian raven,Passeriformes,Corvidae,Corvus,40,644.3,,
b328,Birds,Petroica goodenovii,Petroica goodenovii,-,Red-capped robin,Passeriformes,Petroicidae,Petroica,0,8.9,,
b329,Birds,Microeca fascinans,Microeca fascinans,-,Jacky winter,Passeriformes,Petroicidae,Microeca,0,14.47,,
b330,Birds,Acanthiza uropygialis,Acanthiza uropygialis,-,Chestnut-rumped thornbill,Passeriformes,Acanthizidae,Acanthiza,0,6.4,,
b331,Birds,Corcorax melanorhamphos,Corcorax melanorhamphos,-,White-winged chough,Passeriformes,Corcoracidae,Corcorax,10,364,,
b332,Birds,Melithreptus brevirostris,Melithreptus brevirostris,-,Brown-headed honeyeater,Passeriformes,Meliphagidae,Melithreptus,10,12.6,,
b333,Birds,Glossopsitta porphyrocephala,Glossopsitta porphyrocephala,-,Purple-crowned lorikeet,Psittaciformes,Psittacidae,Glossopsitta,0,44.7,,
b334,Birds,Oreoica gutturalis,Oreoica gutturalis,-,Crested belbird,Passeriformes,Oreoicidae,Oreoica,0,62.8,,
b335,Birds,Cracticus torquatus,Cracticus torquatus,-,grey butcherbird,Passeriformes,Artamidae,Cracticus,20,82.88,,
b336,Birds,Pachycephala inornata,Pachycephala inornata,-,Gilbert’s whistler,Passeriformes,Pachycephalidae,Pachycephala,0,30.8,,
b337,Birds,Acanthiza chrysorrhoa,Acanthiza chrysorrhoa,-,Yellow-rumped thorbill,Passeriformes,Acanthizidae,Acanthiza,0,9.29,,
b338,Birds,Psephotus varius,Psephotus varius,Psephotellus varius,Mulga parrot,Psittaciformes,Psittacidae,Psephotellus,0,61.5,,
b339,Birds,Melanodryas cucullata,Melanodryas cucullata,-,Hooded robin,Passeriformes,Petroicidae,Melanodryas,0,21.1,,
b340,Birds,Phaps chalcoptera,Phaps chalcoptera,-,common bornzewing,Columbiformes,Columbidae,Phaps,0,330.74,,
b341,Birds,Lichenostomus penicillatus,Ptilotula penicillata,-,white-plumed honeyeater,Passeriformes,Meliphagidae,Ptilotula,0,19.36,,
b342,Birds,Hylacola cauta,Calamanthus cautus,-,shy heathwren,Passeriformes,Acanthizidae,Calamanthus,0,15.21,,
b343,Birds,Hirundo nigricans,Petrochelidon nigricans,-,tree martin,Passeriformes,Hirundinidae,Petrochelidon,0,15.4,,
b344,Birds,Rhipidura leucophrys,-,-,Willie wagtail,Passeriformes,Rhipiduridae,Rhipidura,20,27.44,,
b345,Birds,Acanthiza apicalis,-,-,Inland thornbill,Passeriformes,Acanthizidae,Acanthiza,0,7.62,,
b346,Birds,Rhipidura fuliginosa,Rhipidura fuliginosa,Rhipidura albiscapa,grey fantail/ new zeeland fantail,Passeriformes,Rhipiduridae,Rhipidura,0,7.53,,
b347,Birds,Vireo bellii,Vireo bellii,-,Bell’s vireo,Passeriformes,Vireonidae,Vireo,0,8.5,,
b348,Birds,Spiza americana,Spiza americana,-,Dickcissel,Passeriformes,Cardinalidae,Spiza,0,26.18,,
b349,Birds,Tyrannus tyrannus,Tyrannus tyrannus,-,Eastern kingbird,Passeriformes,Tyrannidae,Tyrannus,10,39.85,,
b350,Birds,Sturnella magna,Sturnella magna,-,Eastern meadowlark,Passeriformes,Icteridae,Sturnella,0,91.76,,
b351,Birds,Spizella pusilla,Spizella pusilla,-,Field sparrow,Passeriformes,Passerellidae,Spizella,0,12.5,,
b352,Birds,Ammodramus henslowii,Ammodramus henslowii,Passerculus henslowii,Henslow’s sparrow,Passeriformes,Passerellidae,Passerculus,0,12.8,,
b353,Birds,Setophaga discolor,Setophaga discolor,Dendroica discolor,Prairie warbler,Passeriformes,Parulidae,Setophaga,0,7.64,,
b354,Birds,Aegithalos caudatus,Aegithalos caudatus,-,Long-tailed tit,Passeriformes,Aegithalidae,Aegithalos,0,8.6,,
b355,Birds,Botaurus lentiginosus,Botaurus lentiginosus,-,American bittern,Pelecaniformes,Ardeidae,Botaurus,80,706,,
b356,Birds,Coturnicops noveboracensis,Coturnicops noveboracensis,-,Yellow rail,Gruiformes,Rallidae,Coturnicops,0,60.9,,
b357,Birds,Gallinago gallinago,Gallinago gallinago,-,Common snipe,Charadriiformes,Scolopacidae,Gallinago,0,112.94,,
b358,Birds,Tachycineta bicolor,Tachycineta bicolor,-,Tree swallow,Passeriformes,Hirundinidae,Tachycineta,0,21.2,,
b359,Birds,Cyanocitta cristata,Cyanocitta cristata,-,Blue jay,Passeriformes,Corvidae,Cyanocitta,20,88,,
b360,Birds,Otis tarda,Otis tarda,-,Great bustard,Otidiformes,Otididae,Otis,20,6759.92,,
b361,Birds,Cistothorus platensis,Cistothorus platensis,-,Grass wren,Passeriformes,Troglodytidae,Cistothorus,0,9.04,,
b362,Birds,Catharus fuscescens,Catharus fuscescens,-,Veery,Passeriformes,Turdidae,Catharus,0,31.9,,
b363,Birds,Vermivora ruficapilla,Leiothlypis ruficapilla,Oreothlypis ruficapilla,Nashville warbler,Passeriformes,Parulidae,Leiothlypis,0,8.09,,
b364,Birds,Dolichonyx oryzivorus,Dolichonyx oryzivorus,-,Bobolink,Passeriformes,Icteridae,Dolichonyx,0,31.46,,
b365,Birds,Euphagus cyanocephalus,Euphagus cyanocephalus,-,Brewer’s blackbird,Passeriformes,Icteridae,Euphagus,0,62.48,,
b366,Birds,Passerculus sandwichensis,Passerculus sandwichensis,-,Savannah sparrow,Passeriformes,Passerellidae,Passerculus,0,19.97,,
b368,Birds,Melospiza melodia,Melospiza melodia,-,Song sparrow,Passeriformes,Passerellidae,Melospiza,0,21.91,,
b369,Birds,Catharus ustulatus,Catharus ustulatus,-,Russet-backed thrush,Passeriformes,Turdidae,Catharus,0,30.3,,
b371,Birds,Melanerpes carolinus,Melanerpes carolinus,-,Red-bellied woodpecker,Piciformes,Picidae,Melanerpes,20,69.5,,
b373,Birds,Contopus virens,Contopus virens,-,Eastern wood-pewee,Passeriformes,Tyrannidae,Contopus,0,13.9,,
b375,Birds,Corvus brachyrhynchos,Corvus brachyrhynchos,-,American crow,Passeriformes,Corvidae,Corvus,50,448.76,,
b376,Birds,Baeolophus bicolor,Baeolophus bicolor,Parus bicolor,Tufted titmouse,Passeriformes,Paridae,Baeolophus,0,21.6,,
b378,Birds,Dumetella carolinensis,Dumetella carolinensis,-,Grey catbird,Passeriformes,Mimidae,Dumetella,0,35.3,,
b379,Birds,Toxostoma rufum,Toxostoma rufum,-,Brown thrasher,Passeriformes,Mimidae,Toxostoma,0,68.8,,
b380,Birds,Setophaga citrina,Setophaga citrina,Wilsonia citrina,Hooded warbler,Passeriformes,Parulidae,Setophaga,0,10.54,,
b381,Birds,Setophaga cerulea,Setophaga cerulea,Dendroica cerulea,Cerulean warbler,Passeriformes,Parulidae,Setophaga,0,9.04,,
b383,Birds,Setophaga pensylvanica,Setophaga pensylvanica,Dendroica pensylvanica,Chestnut-sided warbler,Passeriformes,Parulidae,Setophaga,0,9.29,,
b384,Birds,Setophaga caerulescens,Setophaga caerulescens,Dendroica caerulescens,Black-throated blue warbler,Passeriformes,Parulidae,Setophaga,0,10.14,,
b385,Birds,Cardinalis cardinalis,Cardinalis cardinalis,-,Northern cardinal,Passeriformes,Cardinalidae,Cardinalis,0,42.64,,
b386,Birds,Passerina cyanea,Passerina cyanea,-,Indigo bunting,Passeriformes,Cardinalidae,Passerina,0,14.69,,
b389,Birds,Spinus tristis,Spinus tristis,Carduelis tristis,American goldfinch,Passeriformes,Fringillidae,Spinus,0,12.79,,
b390,Birds,Spizella breweri,Spizella breweri,-,Brewer’s sparrrow,Passeriformes,Passerellidae,Spizella,0,10.9,,
b391,Birds,Oreoscoptes montanus,Oreoscoptes montanus,-,Sage thrasher,Passeriformes,Mimidae,Oreoscoptes,0,44.2,,
b392,Birds,Geranoaetus melanoleucus,Geranoaetus melanoleucus,-,Black-chested buzzard-eagle,Accipitriformes,Accipitridae,Geranoaetus,100,2378.62,,
b393,Birds,Caracara plancus,Caracara plancus,-,Southern caracara,Falconiformes,Falconidae,Caracara,80,1078.62,,
b394,Birds,Phalcoboenus chimango,Phalcoboenus chimango,Milvago chimango,Chimango caracara,Falconiformes,Falconidae,Phalcoboenus,80,296,,
b395,Birds,Coragyps atratus,Coragyps atratus,-,American black vulture,Cathartiformes,Cathartidae,Coragyps,100,1881.69,,
b396,Birds,Geothlypis formosa,Geothlypis formosa,Oporornis formosus,Kentucky warbler,Passeriformes,Parulidae,Geothlypis,0,14,,
b397,Birds,Poecile carolinensis,Poecile carolinensis,Parus carolinensis,Carlonia chickadee,Passeriformes,Paridae,Poecile,0,9.99,,
b398,Birds,Piranga rubra,Piranga rubra,-,Summer tanager,Passeriformes,Cardinalidae,Piranga,0,29.13,,
b399,Birds,Calcarius ornatus,Calcarius ornatus,-,Chestnut-collared longspur,Passeriformes,Calcariidae,Calcarius,0,20.3,,
b427,Birds,Chalcophaps indica,Chalcophaps indica,-,Grey capped emerald dove,Columbiformes,Columbidae,Chalcophaps,0,136.54,,
b431,Birds,Copsychus malabaricus,Kittacincla malabarica,-,White-rumped shama,Passeriformes,Muscicapidae,Kittacincla,0,29.23,,
b455,Birds,Luscinia cyane,Larvivora cyane,-,Siberian blue robin,Passeriformes,Muscicapidae,Larivora,0,14.8,,
b487,Birds,Molothrus bonariensis,Molothrus bonariensis,-,Shiny cowbird,Passeriformes,Icteridae,Molthrus,0,41.49,,
b488,Birds,Chroicocephalus maculipennis,Larus maculipennis,-,Brown-hooded gull,Charadriiformes,Laridae,Larus,20,339,,
b489,Birds,Egretta thula,Egretta thula,-,Snowy egret,Pelecaniformes,Ardeidae,Egretta,50,371,,
b490,Birds,Pseudoleistes virescens,Pseudoleistes virescens,-,Brown-and-yellow marshbird,Passeriformes,Icteridae,Pseudoleistes,0,79.93,,
b491,Birds,Chauna torquata,Chauna torquata,-,Southern screamer,Anseriformes,Anhimidae,Chauna,0,4400,,
b492,Birds,Ardea alba,Ardea alba,Casmerodius albus,Great white egret,Pelecaniformes,Ardeidae,Ardea,60,871.33,,
b493,Birds,Vanellus chilensis,Vanellus chilensis,-,Southern lapwing,Charadriiformes,Charadriidae,Vanellus,10,327,,
b494,Birds,Ciconia maguari,Ciconia maguari,-,Maguari stork,Ciconiiformes,Ciconiidae,Ciconia,70,3994.99,,
b495,Birds,Guira guira,Guira guira,-,Guira cuckoo,Cuculiformes,Cuculidae,Guira,60,141,,
b496,Birds,Tachycineta leucorrhoa,Tachycineta leucorrhoa,-,White rumped swallow,Passeriformes,Hirundinidae,Tachycineta,0,15.3,,
b497,Birds,Myiopsitta monachus,Myiopsitta monachus,-,Monk parakeet,Psittaciformes,Psittacidae,Myiopsitta,0,120,,
b498,Birds,Sicalis luteola,Sicalis luteola,-,Grassland yellow finch,Passeriformes,Thraupidae,Sicalis,0,15.9,,
b499,Birds,Phalacrocorax brasilianus,Nannopterum brasilianus,-,Neotropical cormorant,Suliformes,Phalacrocoracidae,Nanopterum,70,1239.29,,
b500,Birds,Pygochelidon cyanoleuca,Pygochelidon cyanoleuca,-,Blue and white swallow,Passeriformes,Hirundinidae,Pygochelidon,0,9.7,,
b501,Birds,Bubulcus ibis,Bubulcus ibis,-,Cattle egret,Pelecaniformes,Ardeidae,Bubulcus,40,365.95,,
b502,Birds,Plegadis chihi,Plegadis chihi,-,White-faced ibis,Pelecaniformes,Threskiornithidae,Plegadis,20,616.89,,
b503,Birds,Embernagra platensis,Embernagra platensis,-,Great pampa-finch,Passeriformes,Thraupidae,Embernagra,0,45.5,,
b504,Birds,Anas flavirostris,Anas flavirostris,-,Yellow-billed teal,Anseriformes,Anatidae,Anas,0,434,,
b505,Birds,Sicalis flaveola,Sicalis flaveola,-,Saffron finch,Passeriformes,Thraupidae,Sicalis,0,16.89,,
b506,Birds,Furnarius rufus,Furnarius rufus,-,Rufous hornero,Passeriformes,Furnariidae,Furnarius,0,46.42,,
b507,Birds,Dendrocygna viduata,Dendrocygna viduata,-,White-faced whistling-duck,Anseriformes,Anatidae,Dendrocygna,0,689.99,,
b508,Birds,Progne tapera,Progne tapera,-,Brown-chested martin,Passeriformes,Hirundinidae,Progne,0,32,,
b509,Birds,Amazonetta brasiliensis,Amazonetta brasiliensis,-,Brazilian teal,Anseriformes,Anatidae,Amazonetta,0,499.99,,
b510,Birds,Rupornis magnirostris,Rupornis magnirostris,Buteo magnirostris,Roadside hawk,Accipitriformes,Accipitridae,Rupornis,60,269,,
b511,Birds,Jacana jacana,Jacana jacana,-,Wattled Jacana,Charadriiformes,Jacanidae,Jacana,0,106.24,,
b512,Birds,Pitangus sulphuratus,Pitangus sulphuratus,-,Geat kiskadee,Passeriformes,Tyrannidae,Pitangus,30,62.85,,
b513,Birds,Ardea cocoi,Ardea cocoi,-,Cocoi heron,Pelecaniformes,Ardeidae,Ardea,70,1752.44,,
b514,Birds,Troglodytes musculus,Troglodytes musculus,Troglodytes aedon,NA,Passeriformes,Troglodytidae,Troglodytes,0,10.85,,
b515,Birds,Alopochelidon fucata,Alopochelidon fucata,-,Tawny headed swallow,Passeriformes,Hirundinidae,Alopochelidon,0,13.96,,
b516,Birds,Tyrannus savana,Tyrannus savana,-,Fork tailed flycatcher,Passeriformes,Tyrannidae,Tyrannus,0,31.9,,
b517,Birds,Anumbius annumbi,Anumbius annumbi,-,Firewood gatherer,Passeriformes,Furnariidae,Anumbius,0,41.5,,
b518,Birds,Megaceryle torquata,Megaceryle torquata,-,Ringed kingfisher,Coraciiformes,Alcedinidae,Megacercyle,80,317,,
b519,Birds,Chrysomus ruficapillus,Chrysomus ruficapillus,-,Chestnut capped blackbird,Passeriformes,Icteridae,Chrysomus,0,32,,
b520,Birds,Circus buffoni,Circus buffoni,-,Long winged harrier,Accipitriformes,Accipitridae,Circus,100,507.4,,
b521,Birds,Nycticorax nycticorax,Nycticorax nycticorax,-,Black crowned night heron,Pelecaniformes,Ardeidae,Nycticorax,70,810,,
b522,Birds,Synallaxis spixi,Synallaxis spixi,-,Spix’s spinetail,Passeriformes,Furnariidae,Synallaxis,0,12.6,,
b523,Birds,Xolmis irupero,Xolmis irupero,-,White monjita,Passeriformes,Tyrannidae,Xolmis,0,28.7,,
b524,Birds,Colaptes campestris,Colaptes campestris,-,Campo flicker,Piciformes,Picidae,Colaptes,10,158,,
b525,Birds,Patagioenas picazuro,Patagioenas picazuro,-,Picazuro pigeon,Columbiformes,Columbidae,Patagioenas,0,279,,
b526,Birds,Agelaioides badius,Agelaioides badius,-,Greyish baywing,Passeriformes,Icteridae,Agelaioides,0,45.25,,
b527,Birds,Anas georgica,Anas georgica,-,Yellow billed pintail,Anseriformes,Anatidae,Anas,0,623.82,,
b528,Birds,Sterna trudeaui,Sterna trudeaui,-,Snowy-crowned tern,Charadriiformes,Laridae,Sterna,70,153,,
b529,Birds,Amblyramphus holosericeus,Amblyramphus holosericeus,-,Scarlet-headed blackbird,Passeriformes,Icteridae,Amblyramphus,0,56.76,,
b530,Birds,Certhiaxis cinnamomeus,Certhiaxis cinnamomeus,-,Yellow-chinned spinetail,Passeriformes,Furnariidae,Certhiaxis,0,15.2,,
b531,Birds,Himantopus melanurus,Himantopus melanurus,Himantopus himantopus,NA,Charadriiformes,Recurvirostridae,Himantopus,0,176.82,,
b532,Birds,Platalea ajaja,Platalea ajaja,-,NA,Pelecaniformes,Threskiornithidae,Platalea,50,1490,,
b533,Birds,Aramus guarauna,Aramus guarauna,-,Limpkin,Gruiformes,Aramidae,Aramus,50,1080,,
b534,Birds,Athene cunicularia,Athene cunicularia,-,Burrowing owl,Strigiformes,Strigidae,Athene,80,150.61,,
b535,Birds,Himantopus mexicanus,Himantopus mexicanus,-,NA,Charadriiformes,Recurvirostridae,Himantopus,0,176.82,,
b536,Birds,Rostrhamus sociabilis,Rostrhamus sociabilis,-,Snail kite,Accipitriformes,Accipitridae,Rostrhamus,0,366.94,,
b537,Birds,Serpophaga nigricans,Serpophaga nigricans,-,Sooty tyrannulet,Passeriformes,Tyrannidae,Serpophaga,0,8.5,,
b538,Birds,Gallinula galeata,Gallinula galeata,Gallinula chloropus,Common gallinule,Gruiformes,Rallidae,Gallinula,20,339.63,,
b539,Birds,Butorides striata,Butorides striata,-,Green-backed heron,Pelecaniformes,Ardeidae,Butorides,70,201.5,,
b540,Birds,Parula pitiayumi,Setophaga pitiayumi,-,Tropical parula,Passeriformes,Parulidae,Setophaga,0,6.82,,
b541,Birds,Satrapa icterophrys,Satrapa icterophrys,-,Yellow-browed tyrant,Passeriformes,Tyrannidae,Satrapa,0,21.5,,
b542,Birds,Syrigma sibilatrix,Syrigma sibilatrix,-,Whistling heron,Pelecaniformes,Ardeidae,Syrigma,30,463,,
b543,Birds,Falco sparverius,Falco sparverius,-,American kestrel,Falconiformes,Falconidae,Falco,40,114.61,,
b544,Birds,Fulica leucoptera,Fulica leucoptera,-,White-winged coot,Gruiformes,Rallidae,Fulica,0,656,,
b545,Birds,Chroicocephalus cirrocephalus,Larus cirrocephalus,-,Grey-headed gull,Charadriiformes,Laridae,Larus,60,374.69,,
b546,Birds,Pardirallus sanguinolentus,Pardirallus sanguinolentus,-,Plumbeous rail,Gruiformes,Rallidae,Pardirallus,0,232,,
b547,Birds,Hymenops perspicillatus,Hymenops perspicillatus,-,Spectacled tyrant,Passeriformes,Tyrannidae,Hymenops,0,22.9,,
b548,Birds,Turdus amaurochalinus,Turdus amaurochalinus,-,Creamy-bellied thrush,Passeriformes,Turdidae,Turdus,0,57.9,,
b549,Birds,Phimosus infuscatus,Phimosus infuscatus,-,Bare-faced ibis,Pelecaniformes,Threskiornithidae,Phimosus,0,559,,
b550,Birds,Podilymbus podiceps,Podilymbus podiceps,-,Pied-billed grebe,Podicipediformes,Podicipedidae,Podilymbus,30,411.93,,
b551,Birds,Rynchops niger,Rynchops niger,-,Black skimmer,Charadriiformes,Laridae,Rynchops,70,297.73,,
b552,Birds,Turdus rufiventris,Turdus rufiventris,-,Rufous-bellied thrush,Passeriformes,Turdidae,Turdus,0,69.44,,
b553,Birds,Colaptes melanochloros,Colaptes melanochloros,-,Green-barred woodpecker,Piciformes,Picidae,Colaptes,0,127.27,,
b554,Birds,Columbina picui,Columbina picui,-,Picui dove,Columbiformes,Columbidae,Columbina,0,47,,
b555,Birds,Geothlypis aequinoctialis,Geothlypis aequinoctialis,-,Masked yellowthroat,Passeriformes,Parulidae,Geothlypis,0,13.1,,
b556,Birds,Nothura maculosa,Nothura maculosa,-,Spotted nothura,Struthioniformes,Tinamidae,Nothura,0,257.48,,
b557,Birds,Phaetusa simplex,Phaetusa simplex,-,Large-billed tern,Charadriiformes,Laridae,Phaetusa,80,235,,
b558,Birds,Pseudoleistes guirahuro,Pseudoleistes guirahuro,-,Yellow-rumped marshbird,Passeriformes,Icteridae,Pseudoleistes,0,86.42,,
b559,Birds,Rollandia rolland,Rollandia rolland,-,White-tufted grebe,Podicipediformes,Podicipedidae,Rollandia,80,324.27,,
b560,Birds,Aramides ypecaha,Aramides ypecaha,-,Giant wood-rail,Gruiformes,Rallidae,Aramides,30,700.07,,
b561,Birds,Chloroceryle amazon,Chloroceryle amazona,,Amazon kingfisher,Coraciiformes,Alcedinidae,Chloroceryle,50,126.38,,
b562,Birds,Circus cinereus,Circus cinereus,-,Cinereous harrier,Accipitriformes,Accipitridae,Circus,90,399.67,,
b563,Birds,Hylocharis chrysura,Hylocharis chrysura,-,Gilded hummingbird,Caprimulgiformes,Trochilidae,Hylocharis,0,4.5,,
b564,Birds,Leptotila rufaxilla,Leptotila rufaxilla,-,Grey-fronted dove,Columbiformes,Columbidae,Leptotila,0,157,,
b565,Birds,Pyrocephalus rubinus,Pyrocephalus rubinus,-,Common vermilion flycatcher,Passeriformes,Tyrannidae,Pyrocephalus,0,14.4,,
b566,Birds,Thalasseus maximus,Thalasseus maximus,Sterna maxima,Royal tern,Charadriiformes,Laridae,Thalasseus,80,415.31,,
b567,Birds,Setophaga pinus,Setophaga pinus,Dendroica pinus,Pine warbler,Passeriformes,Parulidae,Setophaga,0,11.79,,
b568,Birds,Icterus galbula,Icterus galbula,-,Baltimore oriole,Passeriformes,Icteridae,Icterus,0,32.83,,
b569,Birds,Anser albifrons,Anser albifrons,-,White-fronted goos,Anseriformes,Anatidae,Anser,0,2506.39,,
b570,Birds,Trichastoma malaccense,Trichastoma malaccense,Malacocincla malaccensis,Short-tailed babbler,Passeriformes,Pellorneidae,Trichastoma,0,21.4,,
b571,Birds,Vireo griseus,Vireo griseus,-,White-eyed vireo,Passeriformes,Vireonidae,Vireo,0,11.4,,
b572,Birds,Vermivora cyanoptera,Vermivora cyanoptera,Vermivora pinus,blue-winged warbler,Passeriformes,Parulidae,Vermivora,0,8.9,,
b573,Birds,Pipilo maculatus,Pipilo maculatus,-,Spotted Towhee,Passeriformes,Passerellidae,Pipilo,0,39.28,,
b574,Birds,Amphispiza bilineata,Amphispiza bilineata,-,Black throated sparrow,Passeriformes,Passerellidae,Amphispiza,0,13.5,,
b575,Birds,Gymnorhinus cyanocephalus,Gymnorhinus cyanocephalus,-,Pinyon jay,Passeriformes,Corvidae,Gymnorhinus,30,104.82,,
b576,Birds,Myiarchus cinerascens,Myiarchus cinerascens,-,Ash-throated flycatcher,Passeriformes,Tyrannidae,Myiarchus,10,28.2,,
b577,Birds,Aphelocoma californica,Aphelocoma californica,-,Western scrub-jay,Passeriformes,Corvidae,Aphelocoma,40,85.74,,
b578,Birds,Lanius ludovicianus,Lanius ludovicianus,-,Loggerhead shrike,Passeriformes,Laniidae,Lanius,30,51.59,,
b579,Birds,Empidonax wrightii,Empidonax wrightii,-,American grey flycatcher,Passeriformes,Tyrannidae,Empidonax,0,12.3,,
b580,Birds,Baeolophus ridgwayi,Baeolophus ridgwayi,-,Juniper titmouse,Passeriformes,Paridae,Baeolophus,0,15.86,,
b581,Birds,Coccyzus erythropthalmus,Coccyzus erythropthalmus,-,Black-billed cuckoo,Cuculiformes,Cuculidae,Coccyzus,30,50.9,,
b582,Birds,Helmitheros vermivorus,Helmitheros vermivorus,Helmitheros vermivorum,Worm-eating warbler,Passeriformes,Parulidae,Helmitheros,0,14.16,,
b583,Birds,Buteo platypterus,Buteo platypterus,-,Broad-winged hawk,Accipitriformes,Accipitridae,Buteo,90,453.65,,
b584,Birds,Bubo virginianus,Bubo virginianus,-,Great horned owl,Strigiformes,Strigidae,Bubo,90,1575.7,,
b585,Birds,Vermivora chrysoptera,Vermivora chrysoptera,-,Golden-winged warbler,Passeriformes,Parulidae,Vermivora,0,8.74,,
b591,Birds,Anser albifrons & Anser fabalis,Anser albifrons & Anser fabalis,-,-,Anseriformes,Anatidae,Anser,0,2630.56,,
r1,Reptiles,Uma inornata,Uma inornata,NA,Coachella Valley Fringe toed lizard,Squamata,Phrynosomatidae,Uma,,56.234,,
r2,Reptiles,Crotalus cerastes,Crotalus cerastes,NA,Sidewinder,Squamata,Viperidae,Crotalus,,316.228,,
r3,Reptiles,Chionactis occipitalis,Chionactis occipitalis,NA,Western shovel-nosed snake,Squamata,Colubridae,Chionactis,,13.804,,
r4,Reptiles,Phrynosoma mcallii,Phrynosoma mcallii,NA,Horned lizard,Squamata,Phrynosomatidae,Phrynosoma,,39.811,,
r5,Reptiles,Cnemidophorus hyperythrus,Aspidoscelis hyperythrus,NA,Orange-throated whiptail,Squamata,Teiidae,Aspidoscelis,,56.234,,
r6,Reptiles,Sceloporus occidentalis,Sceloporus occidentalis,NA,-,Squamata,Phrynosomatidae,Sceloporus,,28.84,,
r7,Reptiles,Acritoscincus duperreyi,Acritoscincus duperreyi,NA,Estern Three-lined skink,Squamata,Scincidae,Acritoscincus,,56.234,,
r8,Reptiles,Egernia whitii,Liopholis whitii,NA,White’s skink,Squamata,Scincidae,Lipholis,,31.623,,
r9,Reptiles,Lerista bougainvillii,Lerista bougainvillii,NA,South-eastern Slider,Squamata,Scincidae,Lerista,,8.128,,
r10,Reptiles,Chrysemys picta,Chrysemys picta,NA,Painted turtle,Testudines,Emydidae,Chrysemys,,56.234,,
r11,Reptiles,Gopherus agassizii,Gopherus agassizii,NA,Mojave desert tortoise,Testudines,Testudinidae,Gopherus,,56.234,,
r12,Reptiles,Plestiodon laticeps,Plestiodon laticeps,eumeces laticeps,-,Squamata,Scincidae,Plestiodon,,67.608,,
r13,Reptiles,Anolis sagrei,Anolis sagrei,NA,Brown anole,Squamata,Dactyloidae,Anolis,,8.71,,
r14,Reptiles,Sceloporus undulatus,Sceloporus undulatus,NA,-,Squamata,Phrynosomatidae,Sceloporus,,24.547,,
r15,Reptiles,Ophisaurus ventralis,Ophisaurus ventralis,NA,-,Squamata,Anguidae,Ophisaurus,,91.201,,
r16,Reptiles,Plestiodon fasciatus,Plestiodon fasciatus,eumeces fasciatus,-,Squamata,Scincidae,Plestiodon,,13.183,,
r17,Reptiles,Anolis carolinensis,Anolis carolinensis,NA,Green Anole,Squamata,Dactyloidae,Anolis,,8.71,,
r18,Reptiles,Scincella lateralis,Scincella lateralis,NA,-,Squamata,Scincidae,Scincella,,3.89,,
r19,Reptiles,Aspidoscelis sexlineata,Aspidoscelis sexlineata,cnemidophorus sexlineatus,-,Squamata,Teiidae,Aspidoscelis,,22.387,,
r20,Reptiles,Plestiodon inexpectatus,Plestiodon inexpectatus,eumeces inexpectatus,-,Squamata,Scincidae,Plestiodon,,14.791,,
r21,Reptiles,Tantilla relicta neilli,Tantilla relicta,NA,Florida crowned snake,Squamata,Colubridae,Tantilla,,3.162,,
r22,Reptiles,Micrurus fulvius,Micrurus fulvius,NA,-,Squamata,Elapidae,Micrurus,,398.107,,
r23,Reptiles,Pantherophis guttatus,Pantherophis guttatus,NA,Red cornsnake,Squamata,Colubridae,Pantherophis,,549.541,,
r24,Reptiles,Sistrurus miliarius barbouri,Sistrurus miliarius,NA,Barbour’s pygmy rattlesnake,Squamata,Viperidae,Sistrurus,,275.423,,
r25,Reptiles,Crotalus adamanteus,Crotalus adamanteus,NA,-,Squamata,Viperidae,Crotalus,,7585.776,,
r26,Reptiles,Thamnophis sirtalis,Thamnophis sirtalis,NA,-,Squamata,Natricidae,Thamnophis,,870.964,,
r27,Reptiles,Storeria victa,Storeria victa,NA,Florida brown snake,Squamata,Natricidae,Stroreria,,56.234,,
r28,Reptiles,Agkistrodon piscivorus conanti,Agkistrodon piscivorus,NA,-,Squamata,Viperidae,Agkistrodon,,3311.311,,
r29,Reptiles,Micrurus mipartitus,Micrurus mipartitus,,Redtail coral snake,Squamata,Elapidae,Micrurus,,338.844,,
r30,Reptiles,Storeria occipitomaculata obscura,Storeria occipitomaculata,NA,-,Squamata,Natricidae,Stroreria,,14.791,,
r31,Reptiles,Cemophora coccinea coccinea,Cemophora coccinea,NA,-,Squamata,Colubridae,Cemophora,,72.444,,
r32,Reptiles,Nerodia fasciata pictiventris,Nerodia fasciata,NA,-,Squamata,Natricidae,Neriodia,,1318.257,,
r33,Reptiles,Nerodia floridana,Nerodia floridana,NA,-,Squamata,Natricidae,Neriodia,,2290.868,,
r34,Reptiles,Thamnophis sauritus sackenii,Thamnophis sauritus,NA,-,Squamata,Natricidae,Thamnophis,,301.995,,
r35,Reptiles,Rhadinaea flavilata,Rhadinaea flavilata,NA,-,Squamata,Dipsadidae,Rhadinaea,,16.982,,
r36,Reptiles,Lampropeltis elapsoides,Lampropeltis elapsoides,NA,Scarlet Kingsnake,Squamata,Colubridae,Lampropeltis,,44.668,,
r37,Reptiles,Coluber constrictor priapus,Coluber constrictor,NA,-,Squamata,Colubridae,Coluber,,602.56,,
r38,Reptiles,Diadophis punctatus punctatus,Diadophis punctatus,NA,-,Squamata,Dipsadidae,Diadophis,,117.49,,
r39,Reptiles,Seminatrix pygaea pygaea,Liodytes pygaea,NA,Black swamp snake,Squamata,Natricidae,Liodytes,,40.738,,
r40,Reptiles,Pantherophis alleghaniensis,Pantherophis alleghaniensis,NA,Eastern rat snake,Squamata,Colubridae,Pantherophis,,1288.25,,
r41,Reptiles,Ophisaurus attenuatus,Ophisaurus attenuatus,NA,-,Squamata,Anguidae,Ophisaurus,,147.911,,
r42,Reptiles,Farancia abacura abacura,Farancia abacura,NA,-,Squamata,Dipsadidae,Farancia,,1071.519,,
r43,Reptiles,Nerodia fasciata fasciata,Nerodia fasciata,NA,-,Squamata,Natricidae,Neriodia,,1318.257,,
r44,Reptiles,Regina rigida,Liodytes rigida,NA,Crayfish snake,Squamata,Natricidae,Liodytes,,134.896,,
r45,Reptiles,Lampropeltis extenuata,Lampropeltis extenuata,NA,Short-tailed snake,Squamata,Colubridae,Lampropeltis,,39.811,,
r46,Reptiles,Salvator merianae,Tupinambis merianae,NA,Argentine black and white tegu,Squamata,Teiidae,Salvator,,4466.836,,
r48,Reptiles,Uta stansburiana,Uta stansburiana,NA,Side-blotched lizard,Squamata,Phrynosomatidae,Uta,,15.849,,
r49,Reptiles,Aspidoscelis marmorata,Aspidoscelis marmorata,NA,Marbled whiptail,Squamata,Teiidae,Aspidoscelis,,36.308,,
r52,Reptiles,Elaphe obsoleta obsoleta,Pantherophis obsoletus,NA,-,Squamata,Colubridae,Pantherophis,,1288.25,,
r54,Reptiles,Boa constrictor,Boa constrictor,NA,?,Squamata,Boidae,Boa,,35481.339,,
r55,Reptiles,Corallus hortulanus,Corallus hortulanus,NA,Garden tree boa,Squamata,Boidae,Corallus,,3890.451,,
r57,Reptiles,Atractus major,Atractus major,NA,Brown ground snake,Squamata,Dipsadidae,Atractus,,95.499,,
r58,Reptiles,Dipsas catesbyi,Dipsas catesbyi,NA,Catesby’s snail-eater,Squamata,Dipsadidae,Dipsas,,69.183,,
r59,Reptiles,Dipsas indica,Dipsas indica,NA,Neotropical snail-eater,Squamata,Dipsadidae,Dipsas,,181.97,,
r60,Reptiles,Drepanoides anomalus,Drepanoides anomalus,NA,Black-collared snake,Squamata,Dipsadidae,Drepanoides,,107.152,,
r61,Reptiles,Imantodes cenchoa,Imantodes cenchoa,NA,-,Squamata,Dipsadidae,Imantodes,,512.861,,
r62,Reptiles,Imantodes lentiferus,Imantodes lentiferus,NA,Amazon basin tree snake,Squamata,Dipsadidae,Imantodes,,269.153,,
r64,Reptiles,Oxyrhopus melanogenys,Oxyrhopus melanogenys,NA,Tschudi’s false coral snake,Squamata,Dipsadidae,Oxyrhopus,,177.828,,
r65,Reptiles,Oxyrhopus petolarius,Oxyrhopus petolarius,Oxyrhopus petola,Forest flame snake,Squamata,Dipsadidae,Oxyrhopus,,1258.925,,
r67,Reptiles,Anolis fuscoauratus,Anolis fuscoauratus,NA,NA,Squamata,Dactyloidae,Anolis,,2.951,,
r68,Reptiles,Anolis trachyderma,Anolis trachyderma,NA,NA,Squamata,Dactyloidae,Anolis,,4.786,,
r70,Reptiles,Leposoma parietale,Loxopholis parietalis,NA,Common root lizard,Squamata,Gymnophthalmidae,Loxopholis,,1.905,,
r71,Reptiles,Enyalioides laticeps,Enyalioides laticeps,NA,Brown headed woodlizard,Squamata,Hoplocercidae,Enyalioides,,123.027,,
r72,Reptiles,Pseudogonatodes guianensis,Pseudogonatodes guianensis,NA,NA,Squamata,Sphaerodactylidae,Pseudogonatodes,,0.676,,
r74,Reptiles,Plica umbra,Plica umbra,NA,Blue-lipped tree lizard,Squamata,Tropiduridae,Plica,,35.481,,
r75,Reptiles,Microlophus albemarlensis,Microlophus albemarlensis,NA,NA,Squamata,Tropiduridae,Microlophus,,66.069,,
r76,Reptiles,Opheodrys vernalis vernalis,Opheodrys vernalis,NA,Smooth green snake,Squamata,Colubridae,Opheodrys,,69.183,,
r77,Reptiles,Virginia valeriae pluchra,Virginia valeriae,NA,Smooth earth snake,Squamata,Natricidae,Virginia,,12.882,,
r79,Reptiles,Gallotia galloti,Gallotia galloti,NA,NA,Squamata,Lacertidae,Gallotia,,69.183,,
r80,Reptiles,Amphibolurus muricatus,Amphibolurus muricatus,NA,Jacky lizard,Squamata,Agamidae,Amphibolurus,,66.069,,
r81,Reptiles,Aprasia striolata,Aprasia striolata,NA,Striated worm-lizard,Squamata,Pygopodidae,Aprasia,,8.128,,
r82,Reptiles,Tiliqua scincoides,Tiliqua scincoides,NA,Common bluetongue,Squamata,Scincidae,Tililqua,,1621.81,,
r83,Reptiles,Agkistrodon contortrix,Agkistrodon contortrix,NA,NA,Squamata,Viperidae,Agkistrodon,,1258.925,,
r85,Reptiles,Lampropeltis getula,Lampropeltis getula,NA,Common kingsnake,Squamata,Colubridae,Lampropeltis,,758.578,,
r86,Reptiles,Nerodia erythrogaster,Nerodia erythrogaster,NA,NA,Squamata,Natricidae,Nerodia,,1445.44,,
r88,Reptiles,Storeria dekayi,Storeria dekayi,NA,NA,Squamata,Natricidae,Storeria,,33.884,,
r89,Reptiles,Thamnophis proximus,Thamnophis proximus,NA,NA,Squamata,Natricidae,Thamnophis,,562.341,,
r90,Reptiles,Varanus rudicollis,Varanus rudicollis,NA,Rough necked monitor lizard,Squamata,Varanidae,Varanus,,4570.882,,
r91,Reptiles,Boiga cyanea,Boiga cyanea,Triglyphodon Cyaneum,Green cat snake,Squamata,Colubridae,Boiga,,575.44,,
r92,Reptiles,Dryocalamus sp.,Dryocalamus sp.,NA,Bridled snake,Squamata,Colubridae,Dryocalamus,,41.6,,
r94,Reptiles,Bungarus candidus,Bungarus candidus,Coluber candidus,Blue krait,Squamata,Elapidae,Bungarus,,776.247,,
r95,Reptiles,Coelognathus radiatus,Coelognathus radiatus,Coluber radiatus,Copper-headed trinket snake,Squamata,Colubridae,Coelognathus,,977.237,,
r96,Reptiles,Dendrelaphis sp. ,Dendrelaphis sp. ,NA,NA,Squamata,Colubridae,Dendrelaphis,,212.31,,
r97,Reptiles,Gongylosoma scriptum,Gongylosoma scripta,Ablabes scriptus,Common ringneck,Squamata,Colubridae,Gongylosoma,,16.8,,
r98,Reptiles,Lycodon subcinctus,Lycodon subcinctus,NA,Malayan banded wolf snake,Squamata,Colubridae,Lycodon,,177.828,,
r99,Reptiles,Oligodon sp.,Oligodon sp.,NA,NA,Squamata,Colubridae,Oligodon,,30.08,,
r100,Reptiles,Psammodynastes pulverulentus,Psammodynastes pulverulentus,Psammmophis pulverulenta,Common mock viper,Squamata,Lamprophiidae,Psammodynastes,,72.444,,
r101,Reptiles,Lepidoblepharis duolepis,Lepidoblepharis duolepis,NA,NA,Squamata,Sphaerodactylidae,Lepidoblepharis,,1.349,,
r102,Reptiles,Euspondylus stenolepis,Ptychoglossus stenolepis,Alopoglossus stenolepis,NA,Squamata,Gymnophthalmidae,Ptychoglossus,,4.898,,
r103,Reptiles,Anolis fraseri,Anolis fraseri,NA,NA,Squamata,Dactyloidae,Anolis,,31.623,,
r104,Reptiles,Norops antonii,Anolis antonii,NA,NA,Squamata,Dactyloidae,Anolis,,3.548,,
r105,Reptiles,Clelia clelia,Clelia clelia,NA,Mussurana,Squamata,Dipsadidae,Clelia,,1737.801,,
r106,Reptiles,Leptophis ahaetulla,Leptophis ahaetulla,NA,Parrot snake,Squamata,Colubridae,Leptophis,,912.011,,
r107,Reptiles,Erythrolamprus bizona,Erythrolamprus bizona,NA,Double-banded coral snake mimic,Squamata,Dipsadidae,Erythrolamprus,,169.824,,
r108,Reptiles,Lampropeltis triangulum,Lampropeltis triangulum,NA,Eastern milksnake,Squamata,Colubridae,Lampropeltis,,602.56,,
r109,Reptiles,Sibon nebulatus,Sibon nebulatus,NA,Cloudy snail-eating snake,Squamata,Dipsadidae,Sibon,,173.78,,
r110,Reptiles,Tantilla longifrontalis,Tantilla melanocephala,NA,NA,Squamata,Colubridae,Tantilla,,15.488,,
a1,Amphibians,Austrochaperina pluvialis,Austrochaperina pluvialis,NA,Rain frog,Anura,Microhylidae,Austrochaperina,,1.0789,23.5,Hoskins 2004
a2,Amphibians,Litoria serrata,Litoria genimaculata,NA,Green-eyed tree frog,Anura,Hylidae,Litoria,,13.03874,55.25119,Santini_etal2019
a3,Amphibians,Limnodynastes dumerilii,Limnodynastes dumerilii,NA,-,Anura,Limnodynastidae,Limnodynastes,,41.26511,73,AmphibiaWeb
a4,Amphibians,Hyla gratiosa,Dryophytes gratiosus,NA,Barking Treefrog,Anura,Hylidae,Dryophytes,,17.20452,60.25,Santini_etal2019
a5,Amphibians,Rana clamitans clamitans,Lithobates clamitans,NA,-,Anura,Ranidae,Lithobates,,4.11302,37,Santini_etal2019
a6,Amphibians,Gastrophryne carolinensis,Gastrophryne carolinensis,NA,-,Anura,Microhylidae,Gastrophryne,,2.23186,29.46176,Santini_etal2019
a7,Amphibians,Scaphiopus holbrookii,Scaphiopus holbrookii,NA,Eastern spadefoot,Anura,Scaphiopodidae,Scaphiopus,,24.49892,62.07143,Santini_etal2019
a8,Amphibians,Acris gryllus dorsalis,Acris gryllus,NA,Southern cricket frog,Anura,Hylidae,Acris,,0.54071,20.44167,Santini_etal2019
a9,Amphibians,Lithobates capito,Lithobates capito,NA,-,Anura,Ranidae,Lithobates,,49.63531,75.5,AmphibiaWeb
a10,Amphibians,Hyla cinerea,Dryophytes cinereus,NA,American green treefrog,Anura,Hylidae,Dryophytes,,11.0721,52.5,Santini_etal2019
a11,Amphibians,Eleutherodactylus planirostris,Eleutherodactylus planirostris,NA,Greenhouse frog,Anura,Eleutherodactylidae,Eleutherodactylus,,1.0789,23.5,AmphibiaWeb
a12,Amphibians,Pseudacris ocularis,Pseudacris ocularis,NA,Little grass frog,Anura,Hylidae,Pseudacris,,0.23469,15.75,AmphibiaWeb
a13,Amphibians,Anaxyrus quercicus,Anaxyrus quercicus,NA,-,Anura,Bufonidae,Anaxyrus,,1.92131,25,AmphibiaWeb
a14,Amphibians,Lithobates grylio,Lithobates grylio,NA,Pig frog,Anura,Ranidae,Lithobates,,176.0843,108.5,AmphibiaWeb
a15,Amphibians,Hyla femoralis,Dryophytes femoralis,NA,Pine wood treefrog,Anura,Hylidae,Dryophytes,,2.32209,32.22857,Santini_etal2019
a16,Amphibians,Pseudacris nigrita,Pseudacris nigrita,NA,-,Anura,Hylidae,Pseudacris,,1.06326,25.25,Santini_etal2019
a18,Amphibians,Pseudacris crucifer bartramiana,Pseudacris crucifer,Hyla crucifer,Spring peeper,Anura,Hylidae,Pseudacris,,0.12698,13,Santini_etal2019
a19,Amphibians,Anaxyrus terrestris,Anaxyrus terrestris,NA,-,Anura,Bufonidae,Anaxyrus,,22.31666,58,Santini_etal2019
a20,Amphibians,Hyla squirella,Dryophytes squirellus,NA,Squirrel treefrog,Anura,Hylidae,Dryophytes,,2.1582,31.5,Santini_etal2019
a21,Amphibians,Eurycea quadridigitata,Eurycea quadridigitata,NA,-,Caudata,Plethodontidae,Eurycea,,0.17244,21.3,AmpibiaWeb
a22,Amphibians,Rana areolata aesopus,Lithobates areolatus,NA,Crawfish frog,Anura,Ranidae,Lithobates,,89.90131,89.5,AmpibiaWeb
a23,Amphibians,Lithobates sphenocephalus,Lithobates sphenocephalus,"Rana utricularia, Rana sphenocephala",-,Anura,Ranidae,Lithobates,,11.36479,49.5,Santini_etal2019
a24,Amphibians,Eurycea guttolineata,Eurycea guttolineata,NA,-,Caudata,Plethodontidae,Eurycea,,3.0868,56.3,Santini_etal2019
a25,Amphibians,Plethodon mississippi,Plethodon mississippi,NA,-,Caudata,Plethodontidae,Plethodon,,5.40613,68,AmphibiaWeb
a26,Amphibians,Eurycea cirrigera,Eurycea cirrigera,NA,Southern two-lined salamander,Caudata,Plethodontidae,Eurycea,,0.89516,37.1,Sever 1999
a27,Amphibians,Bufo americanus americanus,Anaxyrus americanus,NA,-,Anura,Bufonidae,Anaxyrus,,27.4932,62.30429,Santini_etal2019
a28,Amphibians,Ambystoma jeffersonianum,Ambystoma jeffersonianum,NA,Jefferson salamander,Caudata,Ambystomatidae,Ambystoma,,20.80915,85.11,Santini_etal2019
a29,Amphibians,Plethodon cinereus,Plethodon cinereus,NA,-,Caudata,Plethodontidae,Plethodon,,0.96116,38,Santini_etal2019
a30,Amphibians,Ambystoma maculatum,Ambystoma maculatum,NA,-,Caudata,Ambystomatidae,Ambystoma,,13.27927,72.76746,Santini_etal2019
a31,Amphibians,Allobates femoralis,Allobates femoralis,NA,-,Anura,Aromobatidae,Allobates,,2.76738,31.5,AmphibiaWeb
a34,Amphibians,Rhinella margaritifera,Rhinella margaritifera,NA,South american common toad,Anura,Bufonidae,Rhinella,,21.48611,57.25,AmphibiaWeb
a35,Amphibians,Rhinella marina,Rhinella marina,NA,Cane toad,Anura,Bufonidae,Rhinella,,309.49185,143,AmphibiaWeb
a36,Amphibians,Cochranella resplendens,Cochranella resplendens,NA,Resplendent Cochran frog,Anura,Centrolenidae,Cochranella,,1.322,27.3,AmphibiaWeb
a37,Amphibians,Hyalinobatrachium munozorum,Hyalinobatrachium munozorum,NA,Upper amazon glass frog,Anura,Centrolenidae,Hyalinobatrachium,,0.84126,21.75,AmphibiaWeb
a38,Amphibians,Teratohyla midas,Teratohyla midas,NA,Santa cecilia cochran frog,Anura,Centrolenidae,Teratohyla,,0.81057,21.5,AmphibiaWeb
a39,Amphibians,Hypodactylus nigrovittatus,Niceforonia nigrovittata,NA,Black-banded robber frog,Anura,Craugastoridae,Niceforonia,,1.30403,24.4,AmphibiaWeb
a40,Amphibians,Oreobates quixensis,Oreobates quixensis,NA,Common big-headed frog,Anura,Craugastoridae,Oreobates,,8.68012,44.95,AmphibiaWeb
a41,Amphibians,Pristimantis acuminatus,Pristimantis acuminatus,NA,Canelos robber frog,Anura,Craugastoridae,Pristimantis,,1.2269,26.65,Ortega-Andrade et al. 2015
a42,Amphibians,Pristimantis altamazonicus,Pristimantis altamazonicus,NA,Amazon robber frog,Anura,Craugastoridae,Pristimantis,,0.86424,23.8,AmphibiaWeb
a43,Amphibians,Pristimantis conspicillatus,Pristimantis conspicillatus,NA,-,Anura,Craugastoridae,Pristimantis,,2.55031,33.75,AmphibiaWeb
a44,Amphibians,Pristimantis croceoinguinis,Pristimantis croceoinguinis,NA,-,Anura,Craugastoridae,Pristimantis,,0.42876,17.2,AmphibiaWeb
a45,Amphibians,Pristimantis delius,Pristimantis delius,NA,Cutin cafe rayado,Anura,Craugastoridae,Pristimantis,,2.76413,30.9,AmphibiaWeb
a46,Amphibians,Pristimantis diadematus,Pristimantis diadematus,NA,-,Anura,Craugastoridae,Pristimantis,,0.88694,24,AmphibiaWeb
a47,Amphibians,Pristimantis kichwarum,Pristimantis kichwarum,NA,-,Anura,Craugastoridae,Pristimantis,,0.7015,22.25,AmphibiaWeb
a48,Amphibians,Pristimantis lanthanites,Pristimantis lanthanites,NA,-,Anura,Craugastoridae,Pristimantis,,2.23661,32.35,AmphibiaWeb
a49,Amphibians,Pristimantis librarius,Pristimantis librarius,NA,-,Anura,Craugastoridae,Pristimantis,,0.59515,21.1,AmphibiaWeb
a50,Amphibians,Pristimantis aff. martiae,Pristimantis martiae,NA,-,Anura,Craugastoridae,Pristimantis,,0.32751,17.4,AmphibiaWeb
a51,Amphibians,Pristimantis matidiktyo,Pristimantis matidiktyo,NA,-,Anura,Craugastoridae,Pristimantis,,0.54715,20.535,AmphibiaWeb
a52,Amphibians,Pristimantis paululus,Pristimantis paululus,NA,Amazon slope robber frog,Anura,Craugastoridae,Pristimantis,,0.27782,16.5,AmphibiaWeb
a53,Amphibians,Pristimantis variabilis,Pristimantis variabilis,NA,-,Anura,Craugastoridae,Pristimantis,,0.53136,18.4,AmphibiaWeb
a54,Amphibians,Ameerega bilinguis,Ameerega bilinguis,NA,Ecuador poison frog,Anura,Dendrobatidae,Ameerega,,0.62364,19.35,AmphibiaWeb
a55,Amphibians,Dendropsophus bifurcus,Dendropsophus bifurcus,NA,-,Anura,Hylidae,Dendropsophus,,1.65629,29,AmphibiaWeb
a56,Amphibians,Hypsiboas geographicus,Boana geographica,NA,Map treefrog,Anura,Hylidae,Boana,,21.9349,65,"AmphibiaWeb,max"
a57,Amphibians,Hypsiboas lanciformis,Boana lanciformis,NA,Basin treefrog,Anura,Hylidae,Boana,,26.55559,69,AmphibiaWeb
a58,Amphibians,Hypsiboas punctatus,Boana punctata,NA,Polka-dot treefrog,Anura,Hylidae,Boana,,3.4133,36.35,AmphibiaWeb
a59,Amphibians,Nyctimantis rugiceps,Nyctimantis rugiceps,NA,Brown-eyed treefrog,Anura,Hylidae,Nyctimantis,,18.32562,61.45,AmphibiaWeb
a60,Amphibians,Osteocephalus deridens,Osteocephalus deridens,NA,Rana de Casco burlona,Anura,Hylidae,Osteocephalus,,4.52614,39.7,AmphibiaWeb
a61,Amphibians,Osteocephalus mutabor,Osteocephalus mutabor,NA,-,Anura,Hylidae,Osteocephalus,,10.93765,52.3,AmphibiaWeb
a62,Amphibians,Osteocephalus planiceps,Osteocephalus planiceps,NA,-,Anura,Hylidae,Osteocephalus,,20.20184,63.35,AmphibiaWeb
a63,Amphibians,Phyllomedusa tarsius,Phyllomedusa tarsius,NA,Brownbelly leaf frog,Anura,Phyllomedusidae,Phyllomedusa,,101.76649,96,AmphibiaWeb
a64,Amphibians,Phyllomedusa vaillantii,Phyllomedusa vaillantii,NA,White-lined leaf frog,Anura,Phyllomedusidae,Phyllomedusa,,29.40849,65.7,AmphibiaWeb
a65,Amphibians,Scinax garbei,Scinax garbei,NA,Eirunepe Snouted treefrog,Anura,Hylidae,Scinax,,6.75979,45,AmphibiaWeb
a66,Amphibians,Scinax ruber,Scinax ruber,NA,Red snouted treefrog,Anura,Hylidae,Scinax,,3.30921,36,AmphibiaWeb
a67,Amphibians,Adenomera andreae,Adenomera andreae,NA,Lowland tropical bullfrog,Anura,Leptodactylidae,Adenomera,,0.63915,19.5,AmphibiaWeb
a68,Amphibians,Edalorhina perezi,Edalorhina perezi,NA,Perez’s snouted frog,Anura,Leptodactylidae,Edalorhina,,2.49473,30.5,AmphibiaWeb
a69,Amphibians,Engystomops petersi,Engystomops petersi,NA,Peters’ dwarf frog,Anura,Leptodactylidae,Engystomops,,1.87483,27.35,Santini_etal2019
a70,Amphibians,Leptodactylus lineatus,Lithodytes lineatus,NA,Gold-striped frog,Anura,Leptodactylidae,Lithodytes,,8.1742,43.45,AmphibiaWeb
a72,Amphibians,Bolitoglossa cf. peruviana,Bolitoglossa peruviana,NA,Peru mushroomtongue salamander,Caudata,Plethodontidae,Bolitoglossa,,0.00139,4.2,AmphibiaWeb
a73,Amphibians,Litoria rheocola,Litoria rheocola,NA,NA,Anura,Hylidae,Litoria,,2.73004,33.9,Santini_etal2019
a74,Amphibians,Crinia signifera,Crinia signifera,NA,NA,Anura,Myobatrachidae,Crinia,,0.65958,20.25,Santini_etal2019
a75,Amphibians,Litoria ewingii,Litoria ewingii,NA,NA,Anura,Hylidae,Litoria,,4.63654,40,AmphibiaWeb
a76,Amphibians,Neobatrachus pictus,Neobatrachus pictus,NA,NA,Anura,Limnodynastidae,Neobatrachus,,12.2233,50,"AmphiBio, max"
a77,Amphibians,eleutherodactylus antillensis,Eleutherodactylus antillensis,NA,NA,Anura,Eleutherodactylidae,Eleutherodactylus,,2.36562,30,AmphibiaWeb
a78,Amphibians,eleutherodactylus coqui,Eleutherodactylus coqui,NA,NA,Anura,Eleutherodactylidae,Eleutherodactylus,,2.46926,33.4,Santini_etal2019
a79,Amphibians,eleutherodactylus cochranae,Eleutherodactylus cochranae,NA,NA,Anura,Eleutherodactylidae,Eleutherodactylus,,0.55254,20.6,Rios-Lopez et al. 1983
a80,Amphibians,eleutherodactylus brittoni,Eleutherodactylus brittoni,NA,NA,Anura,Eleutherodactylidae,Eleutherodactylus,,0.27148,16,AmphibiaWeb
a81,Amphibians,leptodactylus albilabris,Leptodactylus albilabris,NA,NA,Anura,Leptodactylidae,Leptodactylus,,3.8831,35,USDA 2003
a82,Amphibians,Plethodon metcalfi,Plethodon metcalfi,NA,NA,Caudata,Plethodontidae,Plethodon,,4.2145,62.52784,Santini_etal2019
a83,Amphibians,Andinobates bombetes,Andinobates bombetes,Ranitomeya bombetes,Cauca poison frog,Anura,Dendrobatidae,Andinobates,,0.51275,18.195,AmphibiaWeb
a84,Amphibians,Ambystoma opacum,Ambystoma opacum,NA,NA,Caudata,Ambystomatidae,Ambystoma,,11.04569,68.24017,Santini_etal2019
a85,Amphibians,Ambystoma texanum,Ambystoma texanum,NA,NA,Caudata,Ambystomatidae,Ambystoma,,9.60777,65,AmphibiaWeb
a86,Amphibians,Eurycea bislineata,Eurycea bislineata,NA,NA,Caudata,Plethodontidae,Eurycea,,1.58758,45,Santini_etal2019
a87,Amphibians,Desmognathus monticola,Desmognathus monticola,NA,NA,Caudata,Plethodontidae,Desmognathus,,4.22322,62.57143,Santini_etal2019
a88,Amphibians,Gyrinophilus porphyriticus,Gyrinophilus porphyriticus,NA,NA,Caudata,Plethodontidae,Gyrinophilus,,23.81834,112.07235,Santini_etal2019
a89,Amphibians,Desmognathus ochrophaeus,Desmognathus ochrophaeus,NA,NA,Caudata,Plethodontidae,Desmognathus,,0.57715,32,AmphibiaWeb
a90,Amphibians,Desmognathus fuscus,Desmognathus fuscus,NA,NA,Caudata,Plethodontidae,Desmognathus,,2.14387,49.7931,Santini_etal2019
a91,Amphibians,Strabomantis ruizi,Strabomantis ruizi,NA,NA,Anura,Craugastoridae,Strabomantis,,9.30318,51.25,Guevara-Molina_etal2017
a92,Amphibians,Pristimantis erythropleura,Pristimantis erythropleura,Eleutherodactylus erythropleura,Colombian robber frog,Anura,Craugastoridae,Pristimantis,,0.94545,24.5,Lynch 1996
a93,Amphibians,Pristimantis orpacobates,Pristimantis orpacobates,Eleutherodactylus orpacobates,NA,Anura,Craugastoridae,Pristimantis,,1.42987,28,Rincon_Franco_Castro1998
a94,Amphibians,Pristimantis palmeri,Pristimantis palmeri,Eleutherodactylus palmeri ,Palmer’s robber frog,Anura,Craugastoridae,Pristimantis,,0.77738,23,Rincon_Franco_Castro1998
a95,Amphibians,Centrolene savagei,Centrolene savagei,Cochranella savagei,Savage’s cochran frog,Anura,Centrolenidae,Centrolene,,0.71626,22.4,AmphibiaWeb
a96,Amphibians,Hyloxalus fascianigrus,Hyloxalus fascianigrus,Colostethus fascianiger,Rana saltarina de brazalete,Anura,Dendrobatidae,Hyloxalus,,0.49548,18,DelValle
